Id,neighborhood,larger_neighborhood,Name, Population,Median Household Income,Median Home Value,Percent Bachelors Degree,Median Rent,Percent Public Transportation to Work,Percent White Non-Hispanic, Housing Units,Percent Renter Occupied,Percent Occupied Structure w 3-4 Units,Percent Occupied Structure w 5+ Units,Percent Households w 3 Vehicles,Percent Households w 4+ Vehicles,"Percent Families, Married w Children Under 18", Total Households,Year
5.30E+11,Cedar Park,Lake City,BG0001001,1268,142062,647740,28.78,280,8.07,76.95,573,3.62,0.00,0.00,8.49,1.56,32.35,1625,2020
5.30E+11,Cedar Park,Lake City,BG0001002,1272,32812,332819,21.61,778,19.97,44.51,677,83.64,1.24,74.35,8.66,1.41,18.12,1451,2020
5.30E+11,Cedar Park,Lake City,BG0001003,1360,52469,417131,27.36,838,16.37,57.33,756,72.09,7.49,57.87,8.63,1.36,27.46,1318,2020
5.30E+11,Cedar Park,Lake City,BG0001004,1533,29975,227140,12.47,689,32.12,34.61,861,98.91,3.54,86.63,8.63,1.42,15.16,1285,2020
5.30E+11,Cedar Park,Lake City,BG0001005,964,49751,392434,27.91,877,18.74,55.27,653,76.54,4.71,64.40,8.43,1.46,25.52,1237,2020
5.30E+11,Olympic Hills,Lake City,BG0002001,1105,65263,359095,29.24,1115,16.37,60.59,463,37.48,9.93,4.06,7.87,2.80,39.75,1143,2020
5.30E+11,Victory Heights,Lake City,BG0002002,1394,55037,358574,32.78,807,17.79,54.34,604,58.27,0.00,33.63,7.99,2.71,28.81,1044,2020
5.30E+11,Pinehurst,Northgate,BG0002003,1522,52277,317906,28.55,877,23.63,59.49,832,70.37,1.09,74.65,7.88,3.20,16.15,1122,2020
5.30E+11,Pinehurst,Northgate,BG0002004,1083,69191,326671,27.20,896,14.60,65.91,593,29.13,5.25,46.26,7.95,2.82,13.99,956,2020
5.30E+11,Pinehurst,Northgate,BG0002005,1358,49530,335430,32.02,765,17.03,64.89,717,47.91,7.82,49.95,7.96,2.70,26.46,1081,2020
5.30E+11,Olympic Hills,Lake City,BG0002006,1334,88555,356042,39.75,728,13.51,71.15,562,15.00,0.00,4.39,7.97,2.77,53.34,927,2020
5.30E+11,Haller Lake,Northgate,BG0003001,1276,75671,339722,30.25,898,16.11,67.13,516,22.91,0.00,6.46,9.79,5.70,31.55,995,2020
5.30E+11,Haller Lake,Northgate,BG0003002,1391,65499,331028,24.56,765,19.04,59.76,675,30.07,0.51,8.70,9.84,5.61,27.68,1021,2020
5.30E+11,Haller Lake,Northgate,BG0004011,2886,38330,280573,26.80,781,5.97,52.19,1956,66.47,5.19,58.46,5.17,0.93,15.73,1186,2020
5.30E+11,Bitter Lake,North Seattle,BG0004012,1475,75623,386668,18.72,846,13.93,65.03,734,58.09,1.90,37.24,5.20,0.95,40.81,1108,2020
5.30E+11,Bitter Lake,North Seattle,BG0004013,1300,23772,280014,19.35,402,15.38,74.24,1081,75.12,1.89,81.83,5.04,1.01,40.37,1060,2020
5.30E+11,Bitter Lake,North Seattle,BG0004021,1243,51687,387407,27.35,926,17.77,73.03,583,63.71,0.00,51.32,6.72,1.44,37.84,1067,2020
5.30E+11,Haller Lake,Northgate,BG0004022,951,54284,345153,35.70,751,15.86,66.23,437,51.10,0.00,35.81,6.69,1.43,29.32,1186,2020
5.30E+11,Bitter Lake,North Seattle,BG0004023,1217,52379,374277,36.52,914,16.35,66.74,623,55.88,1.09,60.29,6.81,1.53,32.85,905,2020
5.30E+11,Bitter Lake,North Seattle,BG0004024,1523,60002,370216,31.43,1013,14.26,85.96,865,52.44,0.00,42.87,6.82,1.39,49.06,1017,2020
5.30E+11,Broadview,North Seattle,BG0005001,1258,152829,669755,38.74,177,3.20,88.10,530,1.44,0.00,0.00,27.58,4.63,35.78,942,2020
5.30E+11,Broadview,North Seattle,BG0005002,907,91435,498698,24.38,929,15.73,83.29,386,4.52,0.00,0.00,27.32,4.90,31.38,1148,2020
5.30E+11,Broadview,North Seattle,BG0005003,1069,102448,538748,30.82,1634,5.13,85.82,462,3.80,0.00,0.00,27.41,4.73,45.79,773,2020
5.30E+11,Haller Lake,Northgate,BG0006001,1421,57770,357422,23.11,884,4.07,62.44,560,27.49,0.00,18.24,9.61,3.46,25.31,892,2020
5.30E+11,Pinehurst,Northgate,BG0006002,1200,39492,394034,30.47,861,30.42,58.26,648,72.04,0.00,67.34,9.64,3.47,21.77,906,2020
5.30E+11,Haller Lake,Northgate,BG0006003,1444,67889,345404,20.66,1008,32.91,64.10,683,22.46,0.00,20.85,9.50,3.40,25.84,901,2020
5.30E+11,North College Park,Northgate,BG0006004,1573,63718,344465,30.94,880,22.93,52.30,741,40.28,6.89,17.04,9.64,3.39,24.63,908,2020
5.30E+11,Haller Lake,Northgate,BG0006005,815,77532,363127,43.16,374,4.56,66.55,314,14.33,0.00,0.00,9.70,3.47,51.29,818,2020
5.30E+11,Pinehurst,Northgate,BG0006006,1292,74658,346400,22.03,761,15.09,54.59,649,39.56,1.49,37.24,9.59,3.29,35.59,887,2020
5.30E+11,Meadowbrook,Lake City,BG0007001,1605,40950,284748,23.31,810,30.97,46.78,943,79.59,5.64,74.99,8.23,3.48,17.80,934,2020
5.30E+11,Matthews Beach,Lake City,BG0007002,1156,52078,361777,39.39,712,22.94,59.60,556,65.74,4.35,58.22,8.32,3.73,12.36,864,2020
5.30E+11,Pinehurst,Northgate,BG0007003,888,59162,357986,40.63,1279,15.89,66.77,432,43.86,0.00,31.09,8.35,3.41,32.17,868,2020
5.30E+11,Pinehurst,Northgate,BG0007004,888,76736,414315,20.80,894,11.93,69.10,414,45.20,3.32,23.45,8.34,3.78,29.14,801,2020
5.30E+11,Matthews Beach,Lake City,BG0008001,1178,66727,378449,27.46,687,17.36,69.92,508,30.81,0.00,5.42,6.47,9.44,41.14,845,2020
5.30E+11,Matthews Beach,Lake City,BG0008002,1437,78941,416187,32.55,1171,19.29,77.84,593,18.21,0.00,5.41,6.47,9.37,40.12,856,2020
5.30E+11,Matthews Beach,Lake City,BG0009001,1102,98551,586172,32.71,1302,12.37,80.70,485,31.34,0.00,9.06,21.27,3.13,27.26,830,2020
5.30E+11,Victory Heights,North Seattle,BG0009002,940,128427,802522,24.47,959,18.57,80.29,433,19.42,0.00,7.89,21.15,3.17,57.16,820,2020
5.30E+11,Matthews Beach,Lake City,BG0010001,915,65492,377775,11.87,906,7.59,57.36,389,41.39,7.31,17.41,10.48,1.54,34.36,713,2020
5.30E+11,Matthews Beach,Lake City,BG0010002,1073,89835,491730,31.72,875,10.07,72.79,434,30.09,2.34,19.84,10.30,1.53,41.37,922,2020
5.30E+11,Maple Leaf,Northgate,BG0011001,1249,85600,422500,35.51,749,10.50,67.37,593,44.06,4.18,18.23,7.69,9.29,42.12,801,2020
5.30E+11,Maple Leaf,Northgate,BG0011002,1297,83261,381725,22.84,1058,15.36,74.66,563,33.42,1.63,18.16,7.39,9.54,26.86,830,2020
5.30E+11,Maple Leaf,Northgate,BG0012001,1282,76410,376432,43.90,1049,14.70,72.47,552,37.60,0.00,17.48,4.06,1.38,30.38,758,2020
5.30E+11,Maple Leaf,Northgate,BG0012002,1171,49365,424794,23.67,826,45.54,56.19,567,78.12,2.91,60.62,4.01,1.34,33.27,765,2020
5.30E+11,Maple Leaf,Northgate,BG0012003,1373,25518,187239,33.03,597,40.04,62.85,1018,86.83,1.10,93.19,4.04,1.36,3.55,891,2020
5.30E+11,Maple Leaf,Northgate,BG0012004,1231,41271,226320,28.28,945,29.40,44.99,683,82.67,14.59,78.20,4.10,1.40,8.75,757,2020
5.30E+11,Maple Leaf,Northgate,BG0012005,1556,38362,205668,32.58,896,20.43,48.24,928,78.91,0.30,76.96,4.09,1.26,21.49,879,2020
5.30E+11,North College Park,Northgate,BG0013001,1640,48042,297269,28.20,847,18.57,64.72,892,68.29,13.40,49.48,3.74,1.34,17.75,866,2020
5.30E+11,North College Park,Northgate,BG0013002,1406,44009,285996,13.87,715,33.27,48.42,702,74.53,3.25,54.45,3.94,1.42,9.44,822,2020
5.30E+11,North College Park,Northgate,BG0013003,1412,56353,430121,46.54,890,8.86,61.16,753,71.32,5.80,46.34,4.00,1.20,27.07,840,2020
5.30E+11,Bitter Lake,North Seattle,BG0014001,1106,68913,400952,21.78,834,4.38,76.55,556,43.39,4.91,31.55,12.94,3.88,13.98,805,2020
5.30E+11,Bitter Lake,North Seattle,BG0014002,1096,83542,420201,29.82,961,24.70,78.33,529,39.35,0.00,28.47,13.03,4.01,37.57,799,2020
5.30E+11,Bitter Lake,North Seattle,BG0014003,1390,53941,375887,25.37,840,15.74,67.37,687,65.52,2.14,27.80,13.12,4.02,11.12,889,2020
5.30E+11,Crown Hill,North Seattle,BG0014004,1391,100469,452048,33.00,1495,11.38,86.28,599,7.58,0.00,0.00,13.13,3.89,28.39,827,2020
5.30E+11,Loyal Heights,Ballard,BG0015001,1241,98464,579199,39.74,1038,6.30,89.96,556,19.11,0.00,9.34,16.04,4.51,40.11,844,2020
5.30E+11,Sunset Hill,Ballard,BG0015002,1268,115213,605198,28.76,950,4.48,89.41,595,11.68,0.00,4.55,16.24,4.60,33.53,752,2020
5.30E+11,Crown Hill,North Seattle,BG0016001,1401,129701,796572,35.05,1647,8.94,91.16,579,8.51,0.00,0.00,10.88,3.67,37.53,749,2020
5.30E+11,Loyal Heights,Ballard,BG0016002,1370,106422,642476,36.55,1964,12.24,86.15,579,6.50,0.00,0.00,10.77,3.65,33.21,738,2020
5.30E+11,Whittier Heights,Ballard,BG0016003,1452,67191,405735,33.59,803,14.59,71.59,735,45.09,2.94,29.23,10.91,3.83,26.57,806,2020
5.30E+11,Greenwood,North Seattle,BG0017011,1640,57986,373111,38.84,929,21.26,60.07,911,62.01,0.00,66.45,8.51,3.09,36.36,841,2020
5.30E+11,Greenwood,North Seattle,BG0017012,1126,70589,278209,38.58,775,15.27,76.58,632,39.51,2.29,44.04,8.55,3.07,12.28,766,2020
5.30E+11,Bitter Lake,North Seattle,BG0017013,1122,64256,323432,43.07,633,14.28,69.01,549,41.65,14.56,29.66,8.54,3.12,20.41,782,2020
5.30E+11,Bitter Lake,North Seattle,BG0017021,1356,58376,393273,38.21,744,14.79,68.72,754,61.12,4.45,38.27,9.86,3.40,26.88,817,2020
5.30E+11,Whittier Heights,Ballard,BG0017022,1044,66356,362128,30.65,809,6.33,79.12,492,27.81,0.00,15.09,9.83,3.38,23.36,720,2020
5.30E+11,Greenwood,North Seattle,BG0017023,1023,74058,419343,21.34,795,29.03,72.94,417,63.59,14.42,37.89,9.76,3.52,32.62,784,2020
5.30E+11,Greenwood,North Seattle,BG0017024,897,65830,370943,33.49,1230,10.14,71.29,390,18.46,0.57,0.00,10.00,3.41,17.39,682,2020
5.30E+11,Green Lake,North Seattle,BG0018001,1526,82916,405198,48.02,990,18.61,65.11,683,53.04,1.57,16.77,7.04,1.93,36.83,770,2020
5.30E+11,Green Lake,North Seattle,BG0018002,1551,78700,339596,37.14,950,17.85,70.11,818,68.33,13.36,36.00,7.24,1.85,40.40,811,2020
5.30E+11,North College Park,Northgate,BG0018003,1573,74973,345812,45.09,971,30.81,67.10,851,65.51,5.05,33.87,7.16,1.89,19.01,789,2020
5.30E+11,Maple Leaf,Northgate,BG0019001,1552,60588,274004,37.54,925,18.70,59.40,1142,35.07,2.80,55.67,8.42,3.67,24.35,799,2020
5.30E+11,Roosevelt,North Seattle,BG0019002,1393,83318,425489,40.24,1002,14.81,78.31,593,27.52,5.75,9.75,8.30,3.60,36.57,740,2020
5.30E+11,Roosevelt,North Seattle,BG0019003,1297,76662,379910,33.92,1589,16.39,79.01,550,28.44,1.03,15.81,8.45,3.57,27.29,730,2020
5.30E+11,Roosevelt,North Seattle,BG0020001,1568,74058,413107,34.34,994,18.64,76.40,834,33.32,0.00,29.16,8.64,3.13,32.95,787,2020
5.30E+11,Maple Leaf,Northgate,BG0020002,997,70346,387828,44.09,952,16.29,78.10,466,29.39,1.14,10.72,8.77,3.01,31.35,728,2020
5.30E+11,Maple Leaf,Northgate,BG0020003,923,98284,409305,45.41,1346,16.71,83.90,422,16.34,1.55,11.01,8.71,3.09,39.77,632,2020
5.30E+11,Matthews Beach,Lake City,BG0021001,1533,93028,436386,41.33,1259,13.88,84.05,671,13.36,0.00,8.70,16.36,3.01,44.49,752,2020
5.30E+11,Maple Leaf,Northgate,BG0021002,920,75325,361666,35.85,768,17.95,74.74,439,33.72,3.14,39.25,16.33,3.06,40.90,733,2020
5.30E+11,Maple Leaf,Northgate,BG0021003,1434,78599,397605,37.36,881,24.28,70.46,699,38.74,8.33,17.50,16.28,2.90,26.61,755,2020
5.30E+11,Matthews Beach,Lake City,BG0022001,1513,126535,580155,33.24,1574,10.17,81.14,617,11.25,0.00,2.35,15.74,1.44,42.99,750,2020
5.30E+11,Matthews Beach,Lake City,BG0022002,1465,93122,438019,29.14,1409,16.84,79.18,613,24.61,0.00,0.00,15.63,1.54,28.26,737,2020
5.30E+11,Sand Point,North Seattle,BG0022003,1289,123083,614371,32.09,1125,6.87,77.68,568,15.20,0.00,1.26,15.66,1.58,34.14,732,2020
5.30E+11,Sand Point,North Seattle,BG0022004,1156,123587,806783,38.52,1159,11.14,83.71,531,12.10,0.00,20.66,15.68,1.49,37.05,755,2020
5.30E+11,View Ridge,North Seattle,BG0024001,973,88748,522961,43.50,1437,15.26,85.86,404,20.44,0.00,0.00,7.80,4.40,39.36,711,2020
5.30E+11,Bryant,North Seattle,BG0024002,825,72922,480292,44.45,905,23.55,75.44,403,62.02,10.36,45.26,7.87,4.40,41.00,710,2020
5.30E+11,Ravenna,North Seattle,BG0024003,1235,115550,462794,34.31,1602,17.56,82.07,513,15.45,0.00,2.41,7.66,4.41,44.33,790,2020
5.30E+11,Roosevelt,North Seattle,BG0025001,1458,109518,467822,50.78,1280,21.26,78.55,651,14.31,0.00,0.00,13.45,5.17,40.99,737,2020
5.30E+11,Roosevelt,North Seattle,BG0025002,1420,103204,467432,39.74,1281,29.00,81.47,686,42.59,7.09,10.63,13.38,5.06,42.54,736,2020
5.30E+11,Roosevelt,North Seattle,BG0026001,1073,87838,464827,43.08,979,28.00,81.19,486,45.75,0.35,22.88,7.84,2.38,51.37,670,2020
5.30E+11,Roosevelt,North Seattle,BG0026002,1354,134529,565220,46.73,1146,27.74,86.47,562,18.42,1.23,4.04,7.89,2.29,34.72,753,2020
5.30E+11,Roosevelt,North Seattle,BG0026003,1357,101171,483784,45.17,1134,18.02,77.53,635,35.00,0.90,23.95,7.79,2.15,45.52,716,2020
5.30E+11,Roosevelt,North Seattle,BG0026004,1011,116048,497216,35.90,1143,15.81,79.49,425,16.16,10.29,0.82,7.72,2.29,47.08,671,2020
5.30E+11,Roosevelt,North Seattle,BG0027001,1458,84445,442998,39.68,1142,27.66,83.42,652,36.29,0.47,27.54,9.70,3.26,19.86,732,2020
5.30E+11,Green Lake,North Seattle,BG0027002,1365,121079,537711,46.30,1225,14.40,82.06,586,14.04,0.70,0.00,9.46,3.30,39.37,661,2020
5.30E+11,Green Lake,North Seattle,BG0027003,1123,86297,627177,31.62,1226,19.17,81.45,538,42.59,7.74,25.06,9.54,3.45,35.36,659,2020
5.30E+11,Green Lake,North Seattle,BG0027004,1459,104167,536817,38.21,1267,12.76,80.80,686,30.22,5.71,17.61,9.31,3.41,29.76,725,2020
5.30E+11,Green Lake,North Seattle,BG0028001,1208,81505,476128,44.63,1092,16.68,84.52,572,29.89,2.82,11.98,13.26,1.21,43.52,730,2020
5.30E+11,Green Lake,North Seattle,BG0028002,929,69161,485555,41.83,981,17.45,83.09,473,32.44,3.42,10.53,13.28,1.19,45.66,674,2020
5.30E+11,Green Lake,North Seattle,BG0028003,993,81359,465306,47.95,1177,30.68,82.70,557,59.20,6.58,36.98,13.24,1.49,14.03,733,2020
5.30E+11,Green Lake,North Seattle,BG0028004,1448,92948,433357,51.13,1303,20.41,77.45,679,40.21,4.04,18.07,13.31,1.24,36.44,722,2020
5.30E+11,Whittier Heights,Ballard,BG0029001,1417,80720,438235,27.79,703,18.60,83.43,662,33.38,0.87,32.24,8.25,2.59,29.65,702,2020
5.30E+11,Greenwood,North Seattle,BG0029002,1466,117009,529417,40.52,1331,8.41,87.81,666,18.62,0.68,2.33,8.17,2.65,55.76,712,2020
5.30E+11,Whittier Heights,Ballard,BG0029003,1393,111687,448250,41.38,1146,19.63,84.10,640,28.23,0.52,16.52,8.35,2.76,42.38,723,2020
5.30E+11,Whittier Heights,Ballard,BG0030001,1624,99826,447871,47.42,1169,13.67,85.30,722,17.45,2.16,0.69,10.14,1.10,38.83,727,2020
5.30E+11,Whittier Heights,Ballard,BG0030002,1349,82107,443822,34.26,1250,13.06,82.72,602,32.91,5.51,6.25,9.91,1.22,40.98,730,2020
5.30E+11,Whittier Heights,Ballard,BG0030003,1424,84748,468546,36.58,946,17.23,86.28,633,32.56,7.18,10.81,10.04,1.05,37.10,695,2020
5.30E+11,Whittier Heights,Ballard,BG0030004,1307,94784,464085,40.10,1096,11.07,82.97,581,22.86,3.13,8.17,10.16,1.16,54.45,687,2020
5.30E+11,Loyal Heights,Ballard,BG0031001,1169,74183,451497,43.97,685,8.82,86.89,501,15.12,0.49,16.12,17.35,5.87,31.30,645,2020
5.30E+11,Sunset Hill,Ballard,BG0031002,1153,92818,468130,53.75,968,13.86,88.78,532,15.51,0.00,4.74,17.53,5.80,35.68,661,2020
5.30E+11,Loyal Heights,Ballard,BG0031003,1311,113427,501540,45.54,794,31.43,83.25,578,34.42,6.80,22.59,17.44,5.93,42.84,691,2020
5.30E+11,Sunset Hill,Ballard,BG0031004,1443,119691,506639,26.33,1192,12.85,88.49,601,12.84,0.00,0.00,17.58,5.86,42.72,689,2020
5.30E+11,Sunset Hill,Ballard,BG0031005,1299,97988,580592,32.92,998,17.27,87.93,583,7.27,0.00,2.46,17.42,6.06,37.40,682,2020
5.30E+11,Sunset Hill,Ballard,BG0032001,942,98623,405450,48.27,837,30.00,89.67,478,34.67,0.77,41.19,4.78,1.61,29.67,667,2020
5.30E+11,Adams,Ballard,BG0032002,1162,60615,397291,40.00,862,19.03,81.55,685,68.74,13.39,39.34,4.88,1.68,19.44,713,2020
5.30E+11,Interbay,Downtown,BG0032003,1141,68644,411056,49.56,888,30.40,84.41,737,63.60,17.77,55.10,4.85,1.74,32.33,703,2020
5.30E+11,Sunset Hill,Ballard,BG0032004,1156,50685,538637,35.84,791,21.10,86.87,777,76.57,8.61,61.12,5.07,1.55,20.34,706,2020
5.30E+11,Sunset Hill,Ballard,BG0032005,731,100214,565361,44.89,1296,14.96,87.85,331,34.10,0.00,18.64,5.03,1.65,37.05,631,2020
5.30E+11,Sunset Hill,Ballard,BG0032006,1582,62449,664616,34.70,1210,28.75,91.31,847,31.42,4.97,25.22,5.04,1.69,34.65,722,2020
5.30E+11,Sunset Hill,Ballard,BG0032007,1133,106262,530838,18.70,887,8.07,87.61,494,9.05,0.00,6.77,4.77,1.45,48.25,671,2020
5.30E+11,Whittier Heights,Ballard,BG0033001,1197,111387,463234,30.72,1051,13.63,87.81,565,20.54,2.90,3.60,7.92,1.77,51.31,694,2020
5.30E+11,Whittier Heights,Ballard,BG0033002,1128,72507,449085,33.75,1194,15.96,82.42,551,51.49,9.61,10.29,7.84,1.69,28.59,654,2020
5.30E+11,Whittier Heights,Ballard,BG0033003,1716,60621,426848,41.35,898,28.83,79.07,988,70.60,17.93,33.41,7.74,1.79,8.02,739,2020
5.30E+11,Loyal Heights,Ballard,BG0033004,1212,70416,412832,31.56,870,34.49,80.24,691,75.98,23.16,42.05,7.93,1.96,9.76,690,2020
5.30E+11,Whittier Heights,Ballard,BG0033005,1083,89600,467963,36.38,889,20.43,84.18,487,49.18,2.38,17.74,7.87,2.10,34.41,632,2020
5.30E+11,West Woodland,Ballard,BG0034001,1150,96592,554910,35.50,912,8.75,86.08,546,29.00,11.15,6.39,9.25,2.20,39.17,644,2020
5.30E+11,Whittier Heights,Ballard,BG0034002,1160,103991,520163,44.91,976,8.59,88.88,536,28.03,0.25,14.46,9.33,1.99,42.26,653,2020
5.30E+11,West Woodland,Ballard,BG0034003,1036,91855,546372,36.36,927,15.04,84.62,484,33.30,10.33,8.14,9.26,2.20,37.96,581,2020
5.30E+11,Green Lake,North Seattle,BG0035001,1428,98442,589192,39.50,1033,21.75,87.72,698,31.94,3.56,14.99,4.87,2.58,38.97,692,2020
5.30E+11,Green Lake,North Seattle,BG0035002,1358,96185,588323,40.33,896,16.87,87.15,683,47.32,10.12,17.06,4.84,2.50,47.75,683,2020
5.30E+11,Fremont,North Seattle,BG0035003,1217,79993,536119,32.33,868,12.09,85.32,563,53.13,4.86,36.49,4.80,2.66,39.23,645,2020
5.30E+11,Green Lake,North Seattle,BG0036001,1292,54946,408302,52.72,941,15.25,78.32,698,77.58,8.79,56.43,5.54,1.45,48.54,689,2020
5.30E+11,Green Lake,North Seattle,BG0036002,1329,67738,446469,46.51,897,20.64,78.49,880,71.83,10.15,67.27,5.43,1.46,3.46,714,2020
5.30E+11,Green Lake,North Seattle,BG0036003,1325,122045,587103,42.25,713,19.94,81.72,600,34.90,0.55,6.50,5.54,1.45,36.41,653,2020
5.30E+11,Green Lake,North Seattle,BG0036004,1867,67159,497785,46.47,1019,26.34,79.59,1276,75.27,9.36,67.06,5.44,1.59,28.41,846,2020
5.30E+11,Bryant,North Seattle,BG0038001,1131,107377,565599,37.30,676,17.20,80.30,567,21.27,3.35,14.15,5.82,2.51,53.08,694,2020
5.30E+11,Ravenna,North Seattle,BG0038002,992,96702,546056,32.46,809,17.57,77.75,420,18.30,0.34,12.18,5.52,2.43,53.88,671,2020
5.30E+11,Bryant,North Seattle,BG0039001,1710,69272,468952,24.40,750,10.09,74.51,769,27.40,2.10,18.97,9.93,3.61,37.51,703,2020
5.30E+11,Windermere,North Seattle,BG0039002,1131,127574,580372,30.57,1473,4.64,79.56,453,23.88,0.00,0.00,10.13,3.31,51.78,621,2020
5.30E+11,Windermere,North Seattle,BG0040001,1760,75407,358906,25.87,882,20.44,71.61,1025,29.10,4.33,55.13,7.76,0.09,29.41,716,2020
5.30E+11,Windermere,North Seattle,BG0040002,1015,151276,792839,30.56,1438,14.58,82.74,358,9.83,0.00,0.00,7.81,0.11,47.84,611,2020
5.30E+11,Windermere,North Seattle,BG0041001,1469,54121,665815,39.85,1057,35.35,70.36,708,70.97,3.07,49.28,12.67,3.87,40.00,674,2020
5.30E+11,Laurelhurst,North Seattle,BG0041002,1704,166609,816821,41.46,1007,7.37,83.14,703,8.88,0.00,4.67,12.69,3.73,36.11,672,2020
5.30E+11,Laurelhurst,North Seattle,BG0041003,1500,211208,991311,50.06,972,12.72,88.94,525,7.27,0.00,0.00,12.65,3.65,48.63,638,2020
5.30E+11,Laurelhurst,North Seattle,BG0041004,1257,93472,550003,48.34,1347,17.32,82.27,635,52.33,22.31,10.28,12.73,3.71,69.22,637,2020
5.30E+11,Laurelhurst,North Seattle,BG0041005,1143,75331,847419,37.17,853,14.36,75.22,447,42.97,0.68,26.19,12.65,3.77,43.81,621,2020
5.30E+11,Laurelhurst,North Seattle,BG0041006,901,219376,1039273,37.28,241,1.35,90.07,336,1.36,0.00,0.00,12.69,3.80,56.48,485,2020
5.30E+11,Laurelhurst,North Seattle,BG0042001,1633,120901,634497,45.77,976,11.21,85.36,729,25.53,4.30,8.99,15.47,3.77,42.10,670,2020
5.30E+11,Laurelhurst,North Seattle,BG0042002,1684,87931,565879,37.93,1219,14.80,66.10,684,29.58,8.50,8.37,15.35,3.92,42.91,671,2020
5.30E+11,Laurelhurst,North Seattle,BG0042003,1558,89289,479583,54.29,1188,25.87,75.89,735,46.44,5.93,18.73,15.42,3.99,50.34,662,2020
5.30E+11,Bryant,North Seattle,BG0042004,1529,97827,488460,43.91,1129,17.46,84.31,639,25.72,2.40,8.93,15.41,4.04,31.18,645,2020
5.30E+11,Bryant,North Seattle,BG0042005,1435,117893,633558,47.14,851,17.31,83.39,591,23.03,0.66,7.51,15.31,3.85,40.75,633,2020
5.30E+11,Bryant,North Seattle,BG0043011,1243,41003,408097,32.31,852,26.71,60.13,525,77.71,4.79,66.04,5.13,4.44,61.26,623,2020
5.30E+11,Ravenna,North Seattle,BG0043012,1240,98654,491664,41.81,785,8.26,81.09,532,34.48,0.93,17.27,5.14,4.48,50.21,611,2020
5.30E+11,Ravenna,North Seattle,BG0043013,1128,106691,623800,20.99,1787,20.75,84.92,518,50.44,0.00,37.23,5.27,4.42,39.39,665,2020
5.30E+11,Ravenna,North Seattle,BG0043021,2019,19318,324018,41.66,851,19.56,69.10,758,94.42,12.09,69.40,4.13,4.53,5.00,694,2020
5.30E+11,Ravenna,North Seattle,BG0043022,1564,23197,521354,28.22,859,19.48,64.31,925,95.05,1.57,79.47,4.15,4.59,9.02,674,2020
5.30E+11,Ravenna,North Seattle,BG0044001,1275,111563,634877,41.86,713,23.39,82.60,519,34.07,0.00,20.37,6.11,4.69,48.54,625,2020
5.30E+11,Roosevelt,North Seattle,BG0044002,1673,64712,576244,38.87,694,24.69,74.97,799,65.17,3.46,46.80,6.05,4.79,43.94,669,2020
5.30E+11,University District,University District,BG0044003,1651,101707,674778,31.96,876,26.40,75.06,505,60.73,0.00,36.50,6.05,4.71,29.27,611,2020
5.30E+11,University District,University District,BG0044004,1818,31103,465326,29.47,788,19.60,63.04,961,95.32,9.43,71.48,6.10,4.87,9.52,724,2020
5.30E+11,Roosevelt,North Seattle,BG0045001,1109,91766,479010,36.83,1388,30.06,78.33,406,43.44,0.47,10.69,10.84,9.16,37.08,633,2020
5.30E+11,Green Lake,North Seattle,BG0045002,1623,105125,570947,32.01,1491,18.90,85.26,653,40.06,4.22,0.00,10.95,9.14,37.47,645,2020
5.30E+11,Green Lake,North Seattle,BG0046001,1096,124666,653333,37.38,1099,4.92,84.52,510,31.02,2.55,7.22,6.17,4.67,47.64,622,2020
5.30E+11,Green Lake,North Seattle,BG0046002,1347,105147,577187,48.07,935,11.75,85.86,635,38.49,1.00,25.74,6.18,4.71,42.07,647,2020
5.30E+11,Wallingford,North Seattle,BG0046003,875,101417,575203,30.93,1384,11.02,83.82,353,15.93,1.62,2.74,6.01,4.76,35.95,556,2020
5.30E+11,West Woodland,Ballard,BG0047001,1236,85937,482923,35.22,818,24.82,80.79,625,51.57,16.87,14.36,5.89,1.14,36.33,631,2020
5.30E+11,Queen Anne,Queen Anne,BG0047002,1418,55473,379050,47.00,864,19.18,72.70,773,70.54,26.73,30.44,5.92,1.07,13.19,670,2020
5.30E+11,West Woodland,Ballard,BG0047003,2245,62658,292738,41.04,888,25.75,85.04,1554,72.61,2.32,84.85,5.87,1.15,3.07,876,2020
5.30E+11,West Woodland,Ballard,BG0047004,1972,57436,267124,42.05,930,30.62,82.05,1821,81.94,4.23,77.61,5.85,1.17,2.75,778,2020
5.30E+11,Fremont,North Seattle,BG0048001,1080,116603,578004,40.97,1236,11.31,85.08,500,27.20,3.52,2.55,10.66,1.80,35.87,625,2020
5.30E+11,Fremont,North Seattle,BG0048002,1247,91261,478581,46.29,1034,23.21,83.77,662,41.28,5.73,19.30,10.70,1.91,27.45,636,2020
5.30E+11,Fremont,North Seattle,BG0048003,1111,67980,463394,43.14,875,22.05,82.02,625,48.16,26.25,14.96,10.71,1.84,14.29,629,2020
5.30E+11,Fremont,North Seattle,BG0048004,1181,90255,461377,36.40,1140,16.44,84.40,531,39.30,8.47,0.00,10.46,1.87,49.53,598,2020
5.30E+11,Fremont,North Seattle,BG0049001,1238,67081,510153,53.58,945,17.61,82.46,649,74.45,2.02,49.61,3.91,1.07,29.28,637,2020
5.30E+11,Fremont,North Seattle,BG0049002,1035,59261,400573,49.05,876,33.47,81.83,705,85.45,12.23,65.93,3.97,0.95,15.44,654,2020
5.30E+11,Fremont,North Seattle,BG0049003,1257,73302,378044,45.05,923,26.29,80.52,830,68.79,10.52,58.93,3.91,1.01,14.99,666,2020
5.30E+11,Fremont,North Seattle,BG0049004,1300,73624,508987,56.48,1006,34.34,85.44,765,70.41,12.57,42.35,3.87,0.96,26.37,647,2020
5.30E+11,Fremont,North Seattle,BG0049005,1427,60257,537716,51.29,984,29.45,81.65,853,70.47,9.39,49.53,3.87,0.90,34.31,661,2020
5.30E+11,Wallingford,North Seattle,BG0050001,1378,72276,507606,49.63,879,25.89,81.65,714,62.86,8.72,45.49,5.06,1.54,31.63,657,2020
5.30E+11,Fremont,North Seattle,BG0050002,984,101869,659105,54.52,1076,11.24,81.99,528,56.22,12.26,45.53,5.06,1.49,51.74,626,2020
5.30E+11,Fremont,North Seattle,BG0050003,1299,56122,389731,49.02,996,27.21,78.11,814,88.01,4.77,67.13,5.09,1.28,14.00,668,2020
5.30E+11,Wallingford,North Seattle,BG0051001,1314,83536,599203,43.53,964,13.35,80.60,676,48.76,10.77,23.74,10.79,6.00,26.37,629,2020
5.30E+11,Wallingford,North Seattle,BG0051002,1285,103181,634056,43.25,1002,17.52,86.46,543,37.36,10.89,11.43,10.65,6.05,48.61,594,2020
5.30E+11,Wallingford,North Seattle,BG0051003,1160,93345,666117,42.71,993,19.02,81.55,540,49.21,15.22,12.72,10.93,6.07,47.18,611,2020
5.30E+11,University District,University District,BG0052001,1107,31818,18354,21.86,966,42.04,44.10,522,99.58,5.64,84.43,3.74,2.24,20.59,584,2020
5.30E+11,University District,University District,BG0052002,1232,24377,209477,39.00,925,37.05,45.06,663,93.51,1.10,88.95,3.78,2.13,1.59,625,2020
5.30E+11,Wallingford,North Seattle,BG0052003,989,66380,538589,50.20,1047,10.53,78.78,518,61.40,21.13,27.25,3.64,2.05,37.67,619,2020
5.30E+11,Wallingford,North Seattle,BG0052004,1437,90210,596271,24.38,1293,28.76,80.07,628,51.51,1.56,14.36,3.63,2.27,69.31,623,2020
5.30E+11,University District,University District,BG0052005,1408,18002,336998,38.76,660,21.74,49.72,876,66.74,0.00,84.26,3.77,2.13,2.64,631,2020
5.30E+11,University District,University District,BG0053011,3293,25920,19357,30.40,1201,20.21,74.51,455,99.76,2.52,74.66,2.38,3.33,1.05,589,2020
5.30E+11,University District,University District,BG0053012,1743,23461,191248,58.09,737,31.46,52.62,1142,95.71,0.39,91.74,2.47,3.05,1.59,671,2020
5.30E+11,University District,University District,BG0053013,1271,21035,50998,36.50,717,41.71,51.93,877,99.22,7.21,86.73,2.24,3.15,1.65,666,2020
5.30E+11,University District,University District,BG0053014,936,17427,0,33.93,710,34.72,33.96,672,100.00,0.00,95.16,2.18,3.24,3.57,616,2020
5.30E+11,University District,University District,BG0053021,1796,10261,90000,42.80,853,46.10,50.27,201,95.56,0.00,97.43,0.00,0.00,0.00,552,2020
5.30E+11,Montlake,Capitol Hill,BG0053022,1178,173605,1038691,66.41,83,19.13,46.50,18,15.34,0.00,0.00,0.00,0.00,0.00,550,2020
5.30E+11,Laurelhurst,North Seattle,BG0053023,2799,89634,76000,7.17,1095,9.91,57.65,3,60.00,0.00,93.33,50.00,0.00,0.00,493,2020
5.30E+11,Wallingford,North Seattle,BG0054001,1148,113737,530815,51.28,923,22.65,83.92,531,42.89,7.53,9.38,5.53,0.80,39.02,607,2020
5.30E+11,Fremont,North Seattle,BG0054002,1354,82335,405010,30.30,1069,11.61,82.39,864,59.56,9.68,51.49,5.46,0.71,14.37,637,2020
5.30E+11,Fremont,North Seattle,BG0054003,1303,71592,396968,51.86,1158,15.76,77.26,717,66.99,6.16,46.75,5.49,0.61,13.56,633,2020
5.30E+11,Fremont,North Seattle,BG0054004,1250,64704,450940,46.70,1005,39.27,77.38,769,61.73,6.76,54.60,5.60,0.55,19.29,610,2020
5.30E+11,Magnolia,Magnolia,BG0056001,1283,158911,662162,41.00,1803,10.90,89.08,578,7.53,0.00,0.00,9.53,6.87,35.79,593,2020
5.30E+11,Magnolia,Magnolia,BG0056002,1296,161331,979578,39.59,1679,5.76,89.86,550,18.27,0.00,0.00,9.60,6.81,42.78,616,2020
5.30E+11,Magnolia,Magnolia,BG0056003,1321,150646,900673,43.32,1931,7.28,90.51,560,11.79,0.00,0.00,9.63,6.84,45.87,605,2020
5.30E+11,Magnolia,Magnolia,BG0056004,1235,170570,846356,45.25,2009,7.37,86.74,538,11.23,0.00,0.00,9.68,6.87,27.76,601,2020
5.30E+11,Magnolia,Magnolia,BG0056005,1385,136744,718752,40.63,1673,7.65,86.16,599,6.47,0.00,0.00,9.50,6.92,35.58,594,2020
5.30E+11,Magnolia,Magnolia,BG0057001,490,118963,1025936,22.07,1088,20.88,82.97,219,26.11,0.00,0.00,8.39,3.29,34.78,476,2020
5.30E+11,Magnolia,Magnolia,BG0057002,1182,120807,619011,37.26,895,9.12,85.88,498,20.30,0.00,10.46,8.40,3.25,31.05,569,2020
5.30E+11,Magnolia,Magnolia,BG0057003,932,91128,615926,45.91,767,6.18,85.07,433,26.08,0.00,16.77,8.41,3.21,54.36,526,2020
5.30E+11,Magnolia,Magnolia,BG0057004,1202,95807,479666,42.15,946,18.32,77.94,512,31.82,0.00,14.81,8.32,3.34,36.65,575,2020
5.30E+11,Interbay,Downtown,BG0057005,1038,100343,481414,46.31,1034,16.43,83.37,582,22.45,0.45,14.63,8.33,3.12,37.97,577,2020
5.30E+11,Magnolia,Magnolia,BG0057006,1261,76652,479494,40.92,786,22.35,80.49,712,39.65,0.00,38.55,8.26,3.19,38.27,633,2020
5.30E+11,Magnolia,Magnolia,BG0058011,1150,64751,397471,44.56,959,19.49,76.69,586,59.97,10.77,17.88,7.16,1.28,45.10,579,2020
5.30E+11,Magnolia,Magnolia,BG0058012,1420,61249,366165,40.44,1050,19.01,81.60,915,66.85,6.34,74.98,7.28,1.27,23.05,640,2020
5.30E+11,Interbay,Downtown,BG0058013,1179,80013,375560,42.84,951,18.79,78.95,696,33.82,2.18,54.43,7.19,1.20,16.17,598,2020
5.30E+11,Interbay,Downtown,BG0058014,1093,61084,514357,29.79,850,15.25,78.67,630,78.54,3.53,56.88,7.23,1.22,38.68,595,2020
5.30E+11,Magnolia,Magnolia,BG0058021,1533,74625,560149,47.81,955,17.12,77.16,797,50.00,10.23,28.38,2.65,1.03,26.74,635,2020
5.30E+11,Lower Queen Anne,Queen Anne,BG0058022,1554,66693,421702,37.39,933,28.66,79.21,1044,60.92,16.14,56.73,2.69,1.07,16.16,651,2020
5.30E+11,Magnolia,Magnolia,BG0058023,2087,77481,461807,35.11,854,15.92,71.07,934,57.69,8.77,56.15,2.74,1.12,27.39,680,2020
5.30E+11,Interbay,Downtown,BG0059001,1678,61984,345497,31.26,891,15.37,79.03,817,66.04,11.16,55.98,8.33,3.16,10.24,599,2020
5.30E+11,Queen Anne,Queen Anne,BG0059002,1372,130375,678876,34.44,1132,17.93,85.91,584,27.71,1.00,8.52,8.40,3.33,37.56,581,2020
5.30E+11,Queen Anne,Queen Anne,BG0059003,1295,65498,540713,53.76,1099,14.14,81.04,198,57.97,22.95,2.99,8.37,3.42,26.22,531,2020
5.30E+11,West Queen Anne,Queen Anne,BG0059004,1477,103528,696681,27.32,1142,22.47,87.13,700,29.55,7.71,11.43,8.46,3.18,39.34,621,2020
5.30E+11,West Queen Anne,Queen Anne,BG0059005,1178,113386,613861,38.43,1190,8.42,83.36,503,34.46,10.83,6.27,8.56,3.34,44.93,544,2020
5.30E+11,Westlake,Downtown,BG0060001,1438,82702,588822,34.01,1201,24.26,81.17,1050,64.63,12.01,74.28,6.87,0.67,5.23,663,2020
5.30E+11,Queen Anne,Queen Anne,BG0060002,1362,112423,638440,49.66,1227,12.83,85.24,561,23.99,2.21,10.03,7.05,0.60,48.32,573,2020
5.30E+11,Queen Anne,Queen Anne,BG0060003,1245,113345,636960,47.38,1006,20.33,86.47,543,25.07,4.89,11.68,6.98,0.62,53.80,567,2020
5.30E+11,Queen Anne,Queen Anne,BG0060004,1206,58887,526568,46.36,1009,7.89,80.47,632,72.36,8.33,55.81,6.81,0.63,23.90,575,2020
5.30E+11,Eastlake,Downtown,BG0061001,1234,108753,639876,51.47,1129,22.15,85.64,699,46.26,12.10,37.53,3.01,0.63,19.55,607,2020
5.30E+11,North Capitol Hill,Capitol Hill,BG0061002,1117,96070,739329,46.34,992,14.75,79.89,612,38.20,3.17,35.74,3.08,0.58,22.05,573,2020
5.30E+11,Eastlake,Downtown,BG0061003,1372,70708,498108,52.56,1014,32.35,81.33,1030,67.67,3.90,66.15,3.19,0.63,2.37,634,2020
5.30E+11,North Capitol Hill,Capitol Hill,BG0061004,1181,61104,716032,38.17,950,18.44,84.62,822,73.83,19.30,46.10,3.11,0.57,2.45,599,2020
5.30E+11,Capitol Hill,Capitol Hill,BG0062001,1389,141441,705209,36.15,1616,17.66,80.15,605,10.27,0.00,2.25,14.72,2.23,45.63,576,2020
5.30E+11,Montlake,Capitol Hill,BG0062002,1493,129341,709045,40.87,2014,20.55,85.08,590,13.93,0.00,0.83,14.63,2.09,36.38,572,2020
5.30E+11,North Capitol Hill,Capitol Hill,BG0062003,1019,177240,905499,30.92,1541,17.16,84.89,426,15.98,0.52,11.01,14.78,2.14,37.65,543,2020
5.30E+11,Madison Park,Capitol Hill,BG0063001,1312,76355,533679,41.76,1157,13.71,87.64,963,63.49,5.34,73.27,13.43,2.44,22.86,674,2020
5.30E+11,Capitol Hill,Capitol Hill,BG0063002,1334,117046,932107,39.60,1477,5.05,92.94,760,34.50,0.42,51.43,13.47,2.54,49.51,582,2020
5.30E+11,Capitol Hill,Capitol Hill,BG0063003,1109,144187,1009110,45.05,1208,5.62,87.82,566,22.55,1.85,25.59,13.43,2.57,44.70,555,2020
5.30E+11,Capitol Hill,Capitol Hill,BG0063004,1307,126107,982181,44.25,1012,4.65,89.60,599,12.69,0.00,2.23,13.18,2.53,33.75,561,2020
5.30E+11,Capitol Hill,Capitol Hill,BG0064001,1041,131248,696073,43.16,996,15.99,76.20,464,17.89,0.90,3.76,11.88,3.66,39.09,545,2020
5.30E+11,North Capitol Hill,Capitol Hill,BG0064002,1028,145785,1020417,26.05,1228,13.58,89.29,401,44.40,4.75,18.42,11.84,3.85,53.26,531,2020
5.30E+11,Capitol Hill,Capitol Hill,BG0064003,1213,144913,879128,29.15,1044,16.13,87.05,473,21.73,3.48,8.02,11.71,3.83,37.16,546,2020
5.30E+11,North Capitol Hill,Capitol Hill,BG0065001,1128,138242,854685,38.06,626,6.82,87.64,543,20.64,7.22,11.44,4.90,1.58,38.97,552,2020
5.30E+11,North Capitol Hill,Capitol Hill,BG0065002,1532,73437,432305,37.74,978,24.79,82.01,1096,61.05,1.83,69.65,5.01,1.51,24.24,632,2020
5.30E+11,North Capitol Hill,Capitol Hill,BG0065003,1590,79745,547366,44.61,995,22.06,85.98,944,65.50,6.41,61.96,5.00,1.66,30.88,570,2020
5.30E+11,North Capitol Hill,Capitol Hill,BG0066001,1847,77139,642738,44.53,1009,16.10,73.25,1157,67.22,5.57,65.61,3.57,0.00,2.74,608,2020
5.30E+11,North Capitol Hill,Capitol Hill,BG0066002,1772,68062,471951,46.56,883,28.98,80.35,1209,75.57,7.08,78.51,3.46,0.00,9.39,642,2020
5.30E+11,South Lake Union,Downtown,BG0067001,1910,70180,345628,44.85,1276,20.29,71.79,1419,71.14,9.90,82.00,3.06,1.32,25.87,827,2020
5.30E+11,South Lake Union,Downtown,BG0067002,1784,67649,375101,46.88,1080,20.95,78.37,1251,63.53,4.61,78.84,2.91,1.39,17.61,677,2020
5.30E+11,Westlake,Downtown,BG0067003,1254,82462,438803,42.74,1106,26.88,82.57,833,60.11,6.73,73.08,3.00,1.41,33.43,563,2020
5.30E+11,Westlake,Downtown,BG0067004,1731,81007,716658,45.68,983,27.52,80.00,956,52.68,7.62,54.21,2.97,1.34,32.51,624,2020
5.30E+11,Queen Anne,Queen Anne,BG0068001,1322,115915,695050,36.34,1392,12.26,85.34,713,34.69,6.95,10.25,6.11,3.62,50.89,570,2020
5.30E+11,Lower Queen Anne,Queen Anne,BG0068002,1593,102564,806799,46.37,1121,20.86,85.24,804,54.18,7.03,32.57,6.07,3.50,39.77,596,2020
5.30E+11,West Queen Anne,Queen Anne,BG0069001,1073,101224,672811,37.13,1329,30.35,86.26,545,38.16,6.70,12.42,11.31,0.26,54.16,548,2020
5.30E+11,Lower Queen Anne,Queen Anne,BG0069002,1052,99041,712212,26.00,961,16.49,90.15,550,39.05,3.44,36.38,11.17,0.23,33.85,546,2020
5.30E+11,Lower Queen Anne,Queen Anne,BG0069003,864,101773,870842,46.37,840,11.62,88.12,541,52.80,1.54,52.19,11.19,0.20,33.99,541,2020
5.30E+11,West Queen Anne,Queen Anne,BG0069004,1175,93972,384222,27.40,955,19.77,78.23,659,38.58,15.26,42.17,11.29,0.20,49.94,574,2020
5.30E+11,Lower Queen Anne,Queen Anne,BG0070001,1108,87633,769129,35.46,1234,34.51,84.37,746,53.41,2.82,58.05,0.69,1.39,25.81,574,2020
5.30E+11,Lower Queen Anne,Queen Anne,BG0070002,1166,53501,318604,42.07,855,24.75,81.12,945,73.05,2.88,94.88,0.76,1.50,21.19,713,2020
5.30E+11,Lower Queen Anne,Queen Anne,BG0070003,1601,59699,407172,52.68,915,28.79,81.60,1207,89.44,3.01,88.15,0.87,1.50,17.13,689,2020
5.30E+11,Lower Queen Anne,Queen Anne,BG0070004,1115,61241,500727,44.55,870,39.46,81.49,844,74.86,0.00,91.67,0.74,1.46,11.06,596,2020
5.30E+11,Lower Queen Anne,Queen Anne,BG0070005,1068,45896,306191,46.95,857,38.17,83.00,909,85.70,0.00,98.68,0.78,1.44,13.97,639,2020
5.30E+11,Lower Queen Anne,Queen Anne,BG0070006,1049,50036,239154,36.24,847,32.56,79.69,768,77.88,0.00,81.59,0.65,1.47,5.06,570,2020
5.30E+11,Belltown,Downtown,BG0071001,1075,48192,345758,37.39,943,29.27,72.39,800,71.96,6.62,89.47,4.19,0.00,11.90,579,2020
5.30E+11,South Lake Union,Downtown,BG0071002,2039,69029,273850,40.92,985,23.65,74.29,1508,77.42,7.08,87.25,4.07,0.00,36.68,895,2020
5.30E+11,Belltown,Downtown,BG0072001,2664,38703,351394,32.78,778,26.84,65.32,2306,91.09,0.00,94.25,0.09,0.24,1.68,755,2020
5.30E+11,Belltown,Downtown,BG0072002,1226,52938,291115,34.92,992,20.40,60.63,1052,93.84,0.00,96.50,0.09,0.24,2.50,715,2020
5.30E+11,Belltown,Downtown,BG0072003,1521,57262,408860,36.97,971,23.19,65.75,1383,91.25,0.00,96.42,0.08,0.23,1.87,679,2020
5.30E+11,Belltown,Downtown,BG0073001,1716,37700,299000,25.94,843,19.06,61.21,1183,99.09,1.21,96.14,2.22,0.95,2.70,646,2020
5.30E+11,Belltown,Downtown,BG0073002,1394,21964,364127,10.45,557,31.31,62.17,1422,94.37,0.00,88.61,2.28,0.89,21.04,637,2020
5.30E+11,Belltown,Downtown,BG0073003,1646,92240,482726,39.07,1413,9.10,70.15,1277,91.72,0.00,93.89,2.33,0.85,8.16,630,2020
5.30E+11,North Capitol Hill,Capitol Hill,BG0074011,1103,62757,328966,45.36,925,23.89,79.23,838,66.40,0.00,92.19,1.14,0.62,18.65,597,2020
5.30E+11,North Capitol Hill,Capitol Hill,BG0074012,944,52382,204256,41.72,878,41.08,75.60,762,91.20,0.87,90.19,1.05,0.62,2.08,554,2020
5.30E+11,North Capitol Hill,Capitol Hill,BG0074013,997,68510,315207,48.48,987,22.03,76.40,787,61.36,0.00,92.20,1.12,0.68,21.15,555,2020
5.30E+11,North Capitol Hill,Capitol Hill,BG0074014,1169,48398,230943,47.81,865,23.55,76.04,868,83.06,0.68,94.01,1.10,0.71,1.36,659,2020
5.30E+11,North Capitol Hill,Capitol Hill,BG0074021,1818,58039,299095,37.37,889,16.51,73.24,1312,79.40,4.16,88.90,1.11,0.87,1.85,661,2020
5.30E+11,North Capitol Hill,Capitol Hill,BG0074022,1596,42333,268973,28.57,700,21.63,60.74,1111,81.78,0.00,96.82,1.15,0.86,25.99,641,2020
5.30E+11,North Capitol Hill,Capitol Hill,BG0074023,1627,32897,326037,46.47,765,26.96,69.22,1328,85.13,1.96,95.77,1.07,0.93,1.54,669,2020
5.30E+11,North Capitol Hill,Capitol Hill,BG0075001,1155,56632,457860,40.20,935,17.93,78.61,938,80.96,1.74,93.63,0.34,0.34,26.26,707,2020
5.30E+11,Capitol Hill,Capitol Hill,BG0075002,1317,48032,301580,35.98,805,32.59,75.11,910,85.05,9.00,79.96,0.34,0.34,12.79,467,2020
5.30E+11,North Capitol Hill,Capitol Hill,BG0075003,1611,54485,475016,43.52,897,27.48,76.99,1121,90.87,18.61,71.37,0.47,0.39,14.22,689,2020
5.30E+11,Capitol Hill,Capitol Hill,BG0075004,1427,55494,394921,44.89,864,31.68,68.71,998,82.43,6.09,89.66,0.36,0.36,2.96,661,2020
5.30E+11,North Capitol Hill,Capitol Hill,BG0075005,872,37138,387041,43.97,783,42.44,75.78,603,89.93,7.21,80.56,0.36,0.21,16.30,542,2020
5.30E+11,North Capitol Hill,Capitol Hill,BG0076001,1164,68545,491757,39.12,929,24.68,77.46,621,60.01,5.41,58.77,4.92,1.44,29.60,551,2020
5.30E+11,Capitol Hill,Capitol Hill,BG0076002,1194,55831,451611,38.34,940,20.93,64.11,704,66.68,13.23,49.26,4.99,1.61,35.08,562,2020
5.30E+11,North Capitol Hill,Capitol Hill,BG0076003,1218,60938,387604,38.57,923,21.95,79.07,718,69.80,7.24,72.65,4.88,1.54,38.65,587,2020
5.30E+11,Capitol Hill,Capitol Hill,BG0077001,1199,75985,451839,31.82,1485,27.01,58.97,589,16.92,0.00,2.91,3.30,2.26,28.39,531,2020
5.30E+11,Capitol Hill,Capitol Hill,BG0077002,984,99334,441602,35.25,1513,25.93,67.55,469,24.02,0.52,9.57,3.13,2.32,22.42,531,2020
5.30E+11,Capitol Hill,Capitol Hill,BG0077003,1019,62575,455449,23.75,656,2.31,56.71,468,40.01,0.00,23.22,3.37,2.18,43.68,536,2020
5.30E+11,Capitol Hill,Capitol Hill,BG0077004,1379,59033,452164,33.57,978,24.22,68.29,843,58.34,8.99,48.38,3.17,2.04,14.35,525,2020
5.30E+11,Capitol Hill,Capitol Hill,BG0078001,1278,213934,1021273,19.37,1038,2.37,83.29,610,4.67,0.00,4.54,15.67,3.65,26.27,544,2020
5.30E+11,Leschi,Central Area,BG0078002,1545,153400,672203,32.05,1920,18.31,73.12,635,13.32,1.88,8.85,15.86,3.84,33.79,531,2020
5.30E+11,Madrona,Central Area,BG0078003,1177,90354,769965,41.29,1062,11.64,68.98,520,35.79,3.55,27.11,15.66,3.51,41.82,522,2020
5.30E+11,Capitol Hill,Capitol Hill,BG0078004,1249,135144,713660,42.24,799,6.64,74.75,524,5.19,0.00,0.00,15.65,3.72,46.38,522,2020
5.30E+11,Capitol Hill,Capitol Hill,BG0079001,1042,72837,360505,26.79,1188,26.59,59.52,545,52.03,8.34,29.16,4.81,1.93,34.58,526,2020
5.30E+11,Capitol Hill,Capitol Hill,BG0079002,1131,49840,464929,37.78,938,33.53,45.78,562,78.98,13.59,39.88,4.75,1.79,20.22,533,2020
5.30E+11,Capitol Hill,Capitol Hill,BG0079003,893,55448,372123,30.13,940,13.84,67.57,474,80.50,7.16,77.56,4.89,1.69,4.30,509,2020
5.30E+11,Capitol Hill,Capitol Hill,BG0079004,985,34806,245562,33.51,686,36.53,74.40,745,84.31,0.00,93.09,4.67,1.81,1.57,574,2020
5.30E+11,North Capitol Hill,Capitol Hill,BG0079005,1194,58634,287951,48.66,926,39.28,68.95,859,80.18,4.72,85.29,4.71,1.79,27.42,575,2020
5.30E+11,Belltown,Downtown,BG0080011,1511,71990,351189,43.57,1142,16.83,70.87,1340,71.41,0.00,93.72,1.28,0.22,0.98,560,2020
5.30E+11,Belltown,Downtown,BG0080012,858,66860,321794,39.27,982,21.16,66.38,808,74.85,0.00,95.69,1.31,0.23,1.22,544,2020
5.30E+11,Pike-Market,Downtown,BG0080013,1075,89399,410522,40.34,1403,10.49,66.79,846,62.44,1.05,96.21,1.38,0.31,1.71,570,2020
5.30E+11,Belltown,Downtown,BG0080014,1462,87447,423983,41.58,1458,9.55,63.21,1040,59.50,0.48,96.66,1.34,0.36,2.25,605,2020
5.30E+11,Belltown,Downtown,BG0080015,822,92670,402098,41.95,1432,10.37,69.00,641,65.46,0.63,95.79,1.23,0.45,2.31,533,2020
5.30E+11,Pike-Market,Downtown,BG0080021,1784,23267,770882,35.92,499,18.86,66.92,1277,80.94,0.66,95.27,0.14,0.00,1.62,642,2020
5.30E+11,Pike-Market,Downtown,BG0080022,1297,58945,444286,50.62,1045,12.77,70.15,1093,83.82,0.00,95.06,0.15,0.00,12.50,590,2020
5.30E+11,Pike-Market,Downtown,BG0081001,1503,84255,515284,44.92,1109,15.66,75.97,1337,72.48,0.00,93.65,0.00,0.33,12.01,608,2020
5.30E+11,Pike-Market,Downtown,BG0081002,1342,14722,309924,17.19,225,53.33,60.85,708,86.89,0.00,94.29,0.00,0.42,1.83,537,2020
5.30E+11,Pike-Market,Downtown,BG0081003,1318,62708,464431,39.76,1024,15.15,70.94,1098,72.80,0.00,93.77,0.00,0.27,12.28,566,2020
5.30E+11,Belltown,Downtown,BG0082001,909,43907,410845,29.29,960,24.43,60.30,950,88.92,0.34,88.49,0.00,0.63,1.97,550,2020
5.30E+11,First Hill,Downtown,BG0082002,1414,42768,293281,40.96,859,26.76,60.68,1029,86.70,0.00,95.24,0.00,0.63,1.57,594,2020
5.30E+11,North Capitol Hill,Capitol Hill,BG0082003,1048,43650,257177,33.12,847,37.72,84.80,882,74.03,0.00,92.86,0.00,0.63,0.99,566,2020
5.30E+11,First Hill,Downtown,BG0083001,948,33148,431678,26.98,802,12.95,71.90,935,76.17,0.23,76.50,0.13,0.00,1.14,608,2020
5.30E+11,Belltown,Downtown,BG0083002,1621,65974,546184,39.33,965,11.56,69.59,1215,76.22,0.00,98.00,0.13,0.00,1.99,712,2020
5.30E+11,North Capitol Hill,Capitol Hill,BG0084001,1281,41804,345531,32.61,796,21.11,67.34,1079,88.85,0.79,95.22,0.00,0.35,11.54,649,2020
5.30E+11,First Hill,Downtown,BG0084002,1473,44882,578450,23.93,905,22.03,66.28,1127,76.57,0.22,95.59,0.00,0.26,4.38,567,2020
5.30E+11,North Capitol Hill,Capitol Hill,BG0084003,1105,42837,361645,35.47,830,23.99,69.90,835,89.80,0.49,95.30,0.00,0.31,12.65,570,2020
5.30E+11,Pioneer Square,Downtown,BG0085001,1168,43607,274805,21.81,771,20.12,61.56,1031,93.63,0.00,93.17,0.00,0.51,6.49,534,2020
5.30E+11,Yesler Terrace,Downtown,BG0085002,1023,22168,330773,25.56,604,19.69,33.68,598,93.81,10.36,78.95,0.00,0.44,4.22,513,2020
5.30E+11,International District,Downtown,BG0085003,2254,10626,0,2.78,183,78.16,42.54,433,100.00,0.91,93.24,0.00,0.33,25.56,465,2020
5.30E+11,Capitol Hill,Capitol Hill,BG0086001,1222,46679,613982,34.15,912,28.40,60.28,759,81.27,20.12,52.74,1.58,0.35,7.89,516,2020
5.30E+11,Capitol Hill,Capitol Hill,BG0086002,2742,36813,215469,36.10,963,15.27,56.92,900,90.38,3.27,83.64,1.48,0.32,12.12,605,2020
5.30E+11,Capitol Hill,Capitol Hill,BG0086003,1189,23778,600000,19.86,719,16.66,34.99,621,97.60,11.05,66.71,1.48,0.32,18.53,515,2020
5.30E+11,Capitol Hill,Capitol Hill,BG0087001,1426,74232,457775,32.19,851,25.09,58.28,659,52.32,7.95,34.21,8.26,2.03,41.39,517,2020
5.30E+11,Capitol Hill,Capitol Hill,BG0087002,1129,69011,441964,19.64,884,31.58,38.94,540,61.47,6.91,48.39,8.14,2.08,20.99,511,2020
5.30E+11,Capitol Hill,Capitol Hill,BG0087003,1345,60591,471089,42.29,965,30.68,44.53,671,60.13,15.87,28.90,8.29,2.24,5.07,509,2020
5.30E+11,Capitol Hill,Capitol Hill,BG0088001,1365,74708,382434,36.07,1038,16.62,60.05,599,36.97,2.21,8.01,8.67,2.24,13.21,523,2020
5.30E+11,Capitol Hill,Capitol Hill,BG0088002,1237,71560,436550,27.17,980,24.32,50.34,571,48.21,3.03,13.05,8.81,2.21,44.00,517,2020
5.30E+11,Capitol Hill,Capitol Hill,BG0088003,967,67450,417286,27.09,913,14.76,38.91,452,52.66,12.93,18.74,8.69,2.44,19.62,488,2020
5.30E+11,Mount Baker,Rainier Valley,BG0089001,1197,149570,830363,45.84,1133,0.38,70.91,696,41.91,2.85,46.52,9.33,3.24,28.43,542,2020
5.30E+11,Mount Baker,Central Area,BG0089002,1315,82041,504675,32.10,940,19.87,42.37,578,40.19,2.14,6.27,9.22,3.15,28.26,511,2020
5.30E+11,Mount Baker,Central Area,BG0089003,1211,58285,390057,24.33,873,33.02,37.48,573,62.29,9.81,22.49,9.18,3.32,27.69,512,2020
5.30E+11,Mount Baker,Central Area,BG0089004,1225,73949,385712,29.58,874,16.86,37.42,484,35.89,7.75,13.89,9.22,3.25,33.52,484,2020
5.30E+11,Capitol Hill,Capitol Hill,BG0090001,1243,31017,238521,19.51,720,28.90,35.23,727,61.91,7.27,67.38,3.37,1.26,61.48,526,2020
5.30E+11,Capitol Hill,Capitol Hill,BG0090002,1760,33266,308417,19.79,395,45.15,26.76,1089,81.20,2.26,70.92,3.17,1.06,13.69,478,2020
5.30E+11,Mount Baker,Central Area,BG0091001,1329,16351,358918,11.98,338,30.96,7.63,681,95.40,0.84,89.99,0.00,0.14,19.85,560,2020
5.30E+11,International District,Downtown,BG0091002,1249,21545,348874,12.31,380,37.09,23.28,924,94.48,0.89,94.95,0.00,0.15,14.63,578,2020
5.30E+11,International District,Downtown,BG0092001,1350,13510,213822,21.51,443,33.06,28.46,1079,97.36,1.14,93.66,0.00,0.43,2.18,586,2020
5.30E+11,Pioneer Square,Downtown,BG0092002,1510,32176,1034926,14.71,604,34.77,53.60,787,93.24,1.51,91.09,0.00,0.46,36.60,542,2020
5.30E+11,North Beacon Hill,Beacon Hill,BG0093001,844,60682,266432,37.68,911,27.81,42.57,477,55.87,3.59,87.63,7.14,3.86,3.19,482,2020
5.30E+11,International District,Downtown,BG0093002,397,195402,449987,10.70,162,10.60,65.96,156,28.08,24.81,58.31,7.15,3.56,15.98,440,2020
5.30E+11,North Beacon Hill,Beacon Hill,BG0093003,1156,72908,433453,21.59,598,7.57,38.10,495,35.90,0.00,29.57,7.21,4.06,28.94,487,2020
5.30E+11,North Beacon Hill,Beacon Hill,BG0094001,1169,34268,211770,9.50,653,2.84,26.16,597,76.07,13.98,68.00,6.24,0.14,26.26,492,2020
5.30E+11,North Beacon Hill,Beacon Hill,BG0094002,1208,32550,278223,17.33,710,13.83,41.49,692,64.77,4.46,27.09,6.05,0.13,15.96,517,2020
5.30E+11,North Beacon Hill,Beacon Hill,BG0094003,1194,58003,299827,23.88,611,30.14,22.53,458,14.66,0.00,3.15,6.25,0.13,26.37,485,2020
5.30E+11,North Beacon Hill,Beacon Hill,BG0094004,775,60757,353985,42.03,761,24.82,33.65,344,79.47,53.13,14.99,5.97,0.12,41.87,449,2020
5.30E+11,North Beacon Hill,Beacon Hill,BG0094005,1493,60421,271286,23.63,780,22.54,33.25,650,55.19,7.02,27.35,6.06,0.13,26.63,505,2020
5.30E+11,Mount Baker,Rainier Valley,BG0095001,1600,159489,680459,31.11,1690,6.91,71.07,705,19.06,1.87,1.36,14.44,2.27,61.52,514,2020
5.30E+11,North Beacon Hill,Beacon Hill,BG0095002,1607,40501,384375,13.08,520,25.15,41.16,778,40.19,4.02,21.79,14.50,2.08,22.73,531,2020
5.30E+11,Seward Park,Central Area,BG0095003,1405,160398,687957,27.07,971,14.01,74.07,570,9.41,0.15,0.00,14.46,2.06,61.98,496,2020
5.30E+11,North Beacon Hill,Beacon Hill,BG0095004,1453,63067,431721,20.96,375,29.03,34.15,576,43.39,0.42,29.22,14.38,2.20,23.67,493,2020
5.30E+11,North Admiral,West Seattle,BG0096001,756,99846,543690,37.23,1885,6.63,84.37,402,16.91,5.44,32.14,8.26,1.57,26.05,471,2020
5.30E+11,North Admiral,West Seattle,BG0096002,1017,54952,469482,41.15,890,14.73,80.74,723,71.09,4.02,70.28,8.14,1.68,26.65,502,2020
5.30E+11,North Admiral,West Seattle,BG0096003,1022,93280,705513,33.39,1047,15.69,86.36,527,31.20,14.97,17.65,8.19,1.69,44.05,489,2020
5.30E+11,North Admiral,West Seattle,BG0096004,1224,90972,516574,28.48,1199,12.10,86.56,572,32.96,2.60,26.40,8.12,1.69,39.37,491,2020
5.30E+11,North Admiral,West Seattle,BG0096005,1337,123638,624713,48.43,1339,6.32,82.95,860,41.35,7.70,57.82,8.14,1.55,14.77,526,2020
5.30E+11,North Admiral,West Seattle,BG0097011,1690,77415,636111,33.04,983,13.75,82.77,879,55.22,4.43,26.18,9.55,1.33,41.90,545,2020
5.30E+11,Alki,West Seattle,BG0097012,1002,79772,556292,40.06,953,9.59,82.48,648,72.09,10.42,37.52,9.33,1.23,22.58,530,2020
5.30E+11,Seaview,West Seattle,BG0097013,1149,76731,454546,30.62,1223,10.19,88.50,761,58.16,21.27,41.60,9.28,1.20,11.64,497,2020
5.30E+11,North Admiral,West Seattle,BG0097014,1570,116730,678399,33.71,1223,14.55,87.16,821,30.00,15.40,14.60,9.50,1.21,24.20,534,2020
5.30E+11,North Admiral,West Seattle,BG0097021,1270,124660,446729,37.48,1406,16.89,82.71,521,11.91,0.00,2.09,15.88,2.78,50.93,483,2020
5.30E+11,North Admiral,West Seattle,BG0097022,969,89104,436545,27.52,1785,13.64,86.11,421,12.91,0.00,0.00,15.86,2.66,29.92,463,2020
5.30E+11,Seaview,West Seattle,BG0097023,854,104338,462853,53.17,1223,15.28,88.13,400,13.46,0.00,3.42,15.83,2.83,51.40,458,2020
5.30E+11,North Admiral,West Seattle,BG0097024,985,91261,411092,41.40,1352,9.41,87.83,439,8.43,0.00,0.00,16.07,2.78,41.02,464,2020
5.30E+11,North Admiral,West Seattle,BG0097025,1168,88770,544597,39.74,1001,12.84,83.66,570,42.17,3.50,13.68,15.80,2.39,46.47,492,2020
5.30E+11,North Admiral,West Seattle,BG0098001,1275,74286,560391,39.92,896,16.26,83.03,634,49.77,0.47,32.16,7.46,2.15,34.69,473,2020
5.30E+11,North Admiral,West Seattle,BG0098002,1201,96335,527316,27.51,998,9.56,84.28,524,17.40,1.38,5.68,7.46,2.15,39.23,478,2020
5.30E+11,North Admiral,West Seattle,BG0098003,1287,93517,458463,30.97,978,17.13,84.88,583,17.80,0.77,5.92,7.50,2.11,49.40,485,2020
5.30E+11,Genesee,West Seattle,BG0098004,1347,83883,415176,37.07,965,17.71,82.86,744,46.09,1.23,34.23,7.28,2.13,24.77,533,2020
5.30E+11,North Admiral,West Seattle,BG0098005,1223,69725,404710,37.56,798,19.25,81.39,624,49.93,8.53,37.36,7.40,2.20,35.42,482,2020
5.30E+11,North Admiral,West Seattle,BG0099001,1145,85299,461312,38.62,1092,26.36,77.68,591,34.18,0.00,21.93,9.88,3.86,34.56,521,2020
5.30E+11,North Delridge,Delridge,BG0099002,1460,88005,370497,33.81,981,8.13,69.39,725,39.76,6.41,4.79,9.96,3.87,29.76,480,2020
5.30E+11,Fairmount Park,West Seattle,BG0099003,1258,65206,377212,34.87,865,20.56,61.54,776,63.89,4.60,54.35,9.89,3.95,34.51,497,2020
5.30E+11,Harbor Island,West Seattle,BG0099004,1017,65682,271768,34.96,1072,12.31,66.02,580,49.72,8.00,28.18,9.87,3.85,5.78,471,2020
5.30E+11,North Beacon Hill,Beacon Hill,BG0100011,896,84259,361425,40.32,433,13.13,38.20,371,11.85,0.00,2.71,7.34,2.83,13.57,453,2020
5.30E+11,North Beacon Hill,Beacon Hill,BG0100012,1477,68105,336445,22.53,512,38.61,23.97,569,41.48,0.00,19.59,7.31,3.07,35.14,480,2020
5.30E+11,North Beacon Hill,Beacon Hill,BG0100013,1485,27545,387570,19.45,228,3.17,17.18,626,68.06,0.83,47.19,7.48,3.04,24.86,479,2020
5.30E+11,North Beacon Hill,Beacon Hill,BG0100021,931,47774,374084,8.04,720,44.13,33.54,387,75.29,7.07,60.45,8.61,4.05,51.00,468,2020
5.30E+11,North Beacon Hill,Beacon Hill,BG0100022,1309,63291,326130,31.36,807,28.90,30.58,595,54.94,3.15,26.46,8.51,3.83,44.46,477,2020
5.30E+11,North Beacon Hill,Beacon Hill,BG0100023,939,75412,395100,23.18,1317,28.92,28.55,373,36.09,0.00,3.52,8.56,4.07,38.32,438,2020
5.30E+11,North Beacon Hill,Beacon Hill,BG0100024,1228,51502,374371,26.78,659,33.53,32.00,527,46.12,11.75,11.28,8.34,4.06,14.28,462,2020
5.30E+11,Seward Park,Central Area,BG0101001,1137,87088,637964,36.62,727,9.37,58.88,515,39.45,0.00,26.00,14.39,3.09,29.20,461,2020
5.30E+11,Seward Park,Central Area,BG0101002,1047,90053,377513,30.92,758,14.37,51.39,433,24.08,1.71,9.77,14.37,2.63,21.72,446,2020
5.30E+11,Columbia City,Rainier Valley,BG0101003,785,47372,363845,6.82,640,30.71,22.68,265,60.31,8.67,10.52,14.52,3.44,35.12,482,2020
5.30E+11,Columbia City,Rainier Valley,BG0101004,1599,32837,264660,18.97,629,16.22,20.35,693,64.36,0.00,60.21,14.37,2.70,29.98,487,2020
5.30E+11,Columbia City,Rainier Valley,BG0101005,2157,82269,402455,36.43,868,16.99,38.29,865,29.69,3.97,21.26,14.45,2.85,39.87,595,2020
5.30E+11,Seward Park,Central Area,BG0102001,1445,105647,554822,38.16,975,15.52,66.74,657,21.61,1.96,4.82,12.05,8.41,29.36,471,2020
5.30E+11,Seward Park,Central Area,BG0102002,1017,102079,570553,29.45,1119,16.74,63.05,426,5.94,0.00,1.76,12.05,8.32,37.50,439,2020
5.30E+11,Seward Park,Central Area,BG0102003,1241,66905,373762,5.47,900,26.38,34.27,442,22.41,0.00,12.02,12.25,8.34,45.52,441,2020
5.30E+11,Seward Park,Central Area,BG0102004,1219,80563,368805,29.23,893,10.05,58.95,532,18.60,0.00,5.00,12.30,8.41,40.46,462,2020
5.30E+11,Seward Park,Central Area,BG0103001,963,77627,422723,18.30,1148,13.06,55.27,367,10.88,0.00,10.74,14.95,4.34,13.15,468,2020
5.30E+11,Brighton,Rainier Valley,BG0103002,1278,49461,306882,21.74,673,27.01,29.34,474,51.58,6.78,28.45,14.84,4.58,58.44,451,2020
5.30E+11,Brighton,Rainier Valley,BG0103003,1298,33798,337759,7.69,790,11.47,13.57,415,80.85,3.81,58.69,14.67,4.47,29.29,450,2020
5.30E+11,Columbia City,Rainier Valley,BG0103004,1186,65761,291829,30.05,764,15.89,29.18,524,44.18,7.41,23.25,14.63,4.37,23.75,446,2020
5.30E+11,Columbia City,Rainier Valley,BG0103005,1354,51373,394648,21.22,782,29.49,38.46,787,73.53,4.78,32.68,14.87,4.44,26.91,514,2020
5.30E+11,Columbia City,Rainier Valley,BG0104011,1203,75129,360670,22.60,899,8.49,24.88,436,25.98,5.46,2.30,19.58,9.00,41.65,430,2020
5.30E+11,Columbia City,Rainier Valley,BG0104012,1819,61901,357390,18.86,930,15.92,14.42,610,26.35,0.52,8.43,19.57,8.88,55.52,440,2020
5.30E+11,Columbia City,Rainier Valley,BG0104013,1515,64791,376500,22.47,1105,19.13,13.76,468,29.10,0.00,4.40,19.66,9.01,50.61,439,2020
5.30E+11,Beacon Hill,Beacon Hill,BG0104021,1217,57219,394016,16.14,760,10.17,17.25,446,52.81,0.00,28.30,20.30,8.72,12.04,441,2020
5.30E+11,North Beacon Hill,Beacon Hill,BG0104022,1323,78866,350875,43.99,1220,18.97,22.26,455,11.59,0.00,0.00,20.44,9.00,21.28,435,2020
5.30E+11,North Beacon Hill,Beacon Hill,BG0104023,978,63116,350242,35.15,1204,15.18,20.13,343,34.91,0.00,2.53,20.15,9.00,31.72,416,2020
5.30E+11,Beacon Hill,Beacon Hill,BG0104024,1251,87565,331675,15.80,924,21.14,30.58,473,21.56,0.00,1.41,20.64,8.63,37.43,435,2020
5.30E+11,Fairmount Park,West Seattle,BG0105001,1035,63893,290987,25.04,934,23.64,85.63,564,72.90,6.33,50.25,10.83,4.12,10.69,468,2020
5.30E+11,Seaview,West Seattle,BG0105002,1276,97104,438821,21.98,910,9.95,77.53,650,35.06,11.02,13.12,10.67,4.33,42.41,530,2020
5.30E+11,Seaview,West Seattle,BG0105003,1152,97988,437182,27.43,1025,10.57,85.95,499,22.03,0.00,17.53,10.81,4.40,49.43,455,2020
5.30E+11,Seaview,West Seattle,BG0105004,1563,62660,326130,31.02,988,25.20,78.12,1040,76.11,1.33,61.31,10.47,4.41,21.69,523,2020
5.30E+11,Seaview,West Seattle,BG0105005,1420,62722,376176,26.30,881,5.14,80.89,846,59.83,0.00,58.79,10.64,4.38,30.05,470,2020
5.30E+11,Fairmount Park,West Seattle,BG0106001,1459,103574,429879,36.66,1006,6.92,80.28,674,18.03,0.00,6.26,8.54,1.77,31.55,444,2020
5.30E+11,Seaview,West Seattle,BG0106002,1046,57942,377600,25.80,812,33.33,74.41,583,59.94,14.97,43.47,8.58,1.82,25.72,475,2020
5.30E+11,Seaview,West Seattle,BG0106003,1600,61261,461618,24.90,827,30.30,76.40,954,69.99,1.57,67.51,8.52,1.85,25.61,491,2020
5.30E+11,Seaview,West Seattle,BG0106004,926,77937,466261,29.51,896,9.21,84.78,480,37.15,0.00,28.73,8.68,1.77,29.59,440,2020
5.30E+11,Seaview,West Seattle,BG0106005,1513,127847,680838,38.30,1690,17.33,86.56,713,22.21,0.00,0.00,8.55,1.93,36.29,548,2020
5.30E+11,Seaview,West Seattle,BG0106006,900,76655,376170,39.35,887,30.07,81.78,500,36.79,0.00,25.92,8.78,1.94,36.96,422,2020
5.30E+11,North Delridge,Delridge,BG0107011,2204,35448,283195,6.51,554,38.29,30.57,832,68.32,5.10,32.56,9.97,1.95,15.93,489,2020
5.30E+11,South Delridge,Delridge,BG0107012,1245,90034,358684,31.48,836,24.04,54.13,587,41.27,0.53,27.25,10.18,1.91,19.17,422,2020
5.30E+11,North Delridge,Delridge,BG0107021,1187,73609,364136,26.89,386,6.49,52.87,497,48.91,2.74,26.21,10.17,2.20,16.31,439,2020
5.30E+11,High Point,Delridge,BG0107022,1446,32241,417432,29.01,222,8.97,15.68,475,63.99,5.92,44.81,10.53,1.89,26.75,424,2020
5.30E+11,High Point,Delridge,BG0107023,1117,46621,312243,25.50,544,16.77,28.42,469,77.60,1.74,39.49,10.25,2.29,12.67,421,2020
5.30E+11,Victory Heights,North Seattle,BG0108001,1386,85985,296802,19.95,1248,12.37,54.80,532,25.59,0.00,3.06,18.08,11.25,52.61,451,2020
5.30E+11,South Delridge,Delridge,BG0108002,1321,82827,323672,24.83,1234,12.52,41.67,481,18.02,0.00,0.00,18.21,11.36,24.64,418,2020
5.30E+11,North Delridge,Delridge,BG0108003,1995,82882,325614,23.61,1167,12.32,48.20,788,20.12,5.07,0.20,18.21,11.36,22.07,576,2020
5.30E+11,Beacon Hill,Beacon Hill,BG0109001,749,43768,316531,12.02,711,23.52,59.53,380,80.47,6.04,18.41,14.84,4.39,31.24,398,2020
5.30E+11,Georgetown,Rainier Valley,BG0109002,570,39502,345576,10.91,754,40.42,71.68,311,70.85,0.18,26.48,14.60,4.41,62.85,408,2020
5.30E+11,Beacon Hill,Beacon Hill,BG0110011,1175,28438,324370,14.99,299,13.28,17.09,405,64.63,0.00,40.85,7.08,4.69,36.92,411,2020
5.30E+11,Brighton,Rainier Valley,BG0110012,1128,25071,343979,15.14,286,9.28,17.92,545,72.94,0.00,54.45,7.23,5.00,35.35,427,2020
5.30E+11,Rainier Valley,Rainier Valley,BG0110013,2327,29013,342288,20.22,459,22.23,7.04,737,56.32,13.03,13.65,7.17,5.05,32.20,458,2020
5.30E+11,Beacon Hill,Beacon Hill,BG0110021,1050,60709,293506,16.93,1364,41.26,9.42,310,26.08,0.00,0.84,10.06,5.62,31.23,385,2020
5.30E+11,Beacon Hill,Beacon Hill,BG0110022,2357,37699,294900,14.91,649,26.61,6.52,645,56.42,1.44,14.12,10.04,5.75,41.46,441,2020
5.30E+11,Beacon Hill,Beacon Hill,BG0110023,1158,60486,331078,21.62,937,12.88,11.81,368,30.01,7.46,2.52,9.86,5.59,31.87,392,2020
5.30E+11,Brighton,Rainier Valley,BG0111011,919,25714,287638,13.19,619,33.32,13.26,417,78.73,2.46,62.74,12.56,7.39,22.06,405,2020
5.30E+11,Brighton,Rainier Valley,BG0111012,1137,55284,258012,7.34,834,17.59,9.95,367,25.60,1.01,8.97,12.71,7.59,20.59,398,2020
5.30E+11,Rainier Valley,Rainier Valley,BG0111013,1151,43566,258954,12.42,1139,17.96,12.30,355,34.25,0.00,4.65,12.85,7.47,21.57,390,2020
5.30E+11,Brighton,Rainier Valley,BG0111014,1323,50365,238985,17.23,615,14.01,13.74,422,38.80,0.54,1.47,12.96,7.31,21.17,400,2020
5.30E+11,Brighton,Rainier Valley,BG0111021,1244,145178,569755,27.03,1521,8.77,76.49,466,6.53,0.00,0.00,6.59,3.17,39.24,416,2020
5.30E+11,Brighton,Rainier Valley,BG0111022,1320,50806,411390,15.05,644,24.74,29.37,466,63.99,3.81,43.93,6.51,3.08,36.09,403,2020
5.30E+11,Rainier Valley,Rainier Valley,BG0111023,904,34555,320155,11.46,637,21.94,9.24,317,70.29,0.00,58.82,6.67,3.19,40.79,383,2020
5.30E+11,Brighton,Rainier Valley,BG0111024,1048,63748,406175,18.17,643,19.04,35.02,377,36.06,0.00,26.16,6.62,3.19,24.36,388,2020
5.30E+11,Highland Park,Delridge,BG0112001,1437,43653,242270,12.17,920,15.02,30.57,533,41.58,10.11,14.12,13.96,6.56,34.50,410,2020
5.30E+11,Industrial District,Downtown,BG0112002,892,37860,234763,7.90,719,27.50,43.79,403,56.30,5.61,19.78,13.75,6.57,34.80,393,2020
5.30E+11,South Park,West Seattle,BG0112003,1650,45189,300258,9.89,692,32.93,24.92,583,62.62,10.32,22.24,13.62,6.69,34.79,428,2020
5.30E+11,Industrial District,Downtown,BG0113001,1665,65194,332843,12.12,1037,13.81,49.78,1119,42.39,5.48,28.52,17.69,3.84,29.21,425,2020
5.30E+11,Highland Park,Delridge,BG0113002,1200,64308,313167,11.26,1023,5.57,38.44,438,34.71,2.45,11.42,17.58,3.86,29.70,392,2020
5.30E+11,Highland Park,Delridge,BG0113003,1040,61804,271707,37.34,859,15.95,45.66,416,33.40,9.49,2.96,17.89,3.80,10.57,397,2020
5.30E+11,Highland Park,Delridge,BG0113004,1066,70018,300183,31.44,830,14.60,56.49,442,18.73,0.74,4.96,17.84,3.73,37.90,396,2020
5.30E+11,Highland Park,Delridge,BG0113005,1154,51984,332071,25.58,815,28.19,55.20,497,56.57,6.65,33.96,17.86,3.57,9.37,414,2020
5.30E+11,South Delridge,Delridge,BG0114011,1371,55305,291926,24.61,934,17.72,46.12,648,60.91,9.30,44.62,12.20,2.26,30.00,433,2020
5.30E+11,South Delridge,Delridge,BG0114012,1264,64673,292248,27.79,759,14.12,46.62,603,48.59,14.17,35.17,12.24,2.14,36.42,420,2020
5.30E+11,Highland Park,Delridge,BG0114013,1494,66540,298122,25.51,877,16.23,50.88,575,47.22,8.35,30.90,12.24,2.21,32.87,404,2020
5.30E+11,South Delridge,Delridge,BG0114021,1122,59691,281646,14.32,783,13.29,38.60,516,57.81,8.04,42.95,10.38,2.18,35.76,412,2020
5.30E+11,Highland Park,Delridge,BG0114022,1535,34418,272208,15.33,640,26.57,32.59,637,68.90,9.15,45.53,10.30,2.01,39.18,447,2020
5.30E+11,Arbor Heights,West Seattle,BG0114023,1611,54095,289155,28.42,752,16.30,47.25,784,59.69,6.81,35.58,10.45,1.99,27.83,392,2020
5.30E+11,Roxhill,Delridge,BG0115001,1377,89335,352678,37.01,964,18.62,78.61,603,15.61,0.00,0.00,12.41,3.37,32.51,406,2020
5.30E+11,Fauntleroy,West Seattle,BG0115002,1460,83205,347731,33.00,920,11.96,75.42,713,30.26,0.22,14.51,12.55,3.54,30.16,421,2020
5.30E+11,Roxhill,Delridge,BG0115003,1439,81652,371833,28.88,834,17.33,78.71,730,30.40,0.55,23.87,12.59,3.56,27.82,328,2020
5.30E+11,Fauntleroy,West Seattle,BG0116001,1220,97626,473956,37.40,973,11.71,86.14,585,25.83,3.74,15.50,11.43,2.56,32.79,405,2020
5.30E+11,Fauntleroy,West Seattle,BG0116002,953,124569,456182,40.29,850,15.51,85.73,456,8.72,0.17,5.97,11.38,2.28,32.28,374,2020
5.30E+11,Fauntleroy,West Seattle,BG0116003,1264,101932,538725,35.37,1034,15.99,85.67,583,9.23,0.00,0.00,11.41,2.23,30.45,392,2020
5.30E+11,Arbor Heights,West Seattle,BG0116004,1036,85641,493877,46.35,766,10.13,80.74,473,17.47,0.00,13.65,11.55,2.25,38.59,355,2020
5.30E+11,Fauntleroy,West Seattle,BG0116005,860,70473,580736,25.33,517,6.50,85.94,461,35.41,0.00,19.28,11.51,2.36,52.91,363,2020
5.30E+11,Seaview,West Seattle,BG0116006,1220,97395,528204,30.85,947,12.37,89.21,607,41.03,15.06,17.28,11.47,2.53,31.31,386,2020
5.30E+11,Rainier Beach,Rainier Valley,BG0117001,1548,37908,331862,21.47,883,17.96,9.29,488,40.38,10.91,0.33,20.19,12.90,47.49,385,2020
5.30E+11,Rainier Beach,Rainier Valley,BG0117002,1571,59913,262468,20.25,719,14.72,13.05,482,12.90,0.00,0.00,20.21,12.95,42.57,372,2020
5.30E+11,Beacon Hill,Beacon Hill,BG0117003,1418,64855,374681,12.64,721,21.45,11.87,463,15.97,0.30,0.00,20.15,12.97,34.16,360,2020
5.30E+11,Rainier Beach,Rainier Valley,BG0117004,1149,56292,330601,11.79,1484,13.30,12.92,341,27.48,0.00,0.00,20.14,13.18,39.80,345,2020
5.30E+11,Rainier Beach,Rainier Valley,BG0118001,809,69934,410992,21.05,874,6.79,57.20,447,48.64,5.10,41.59,8.22,5.72,24.40,352,2020
5.30E+11,Rainier Beach,Rainier Valley,BG0118002,911,43811,288002,21.91,905,14.99,41.04,404,40.75,0.00,11.00,8.37,5.83,45.43,360,2020
5.30E+11,Rainier Beach,Rainier Valley,BG0118003,1121,77960,307795,24.74,1204,9.99,20.75,385,31.68,0.00,4.25,8.38,5.54,18.45,338,2020
5.30E+11,Rainier Beach,Rainier Valley,BG0118004,1144,25228,326169,15.93,655,45.92,11.30,505,77.13,16.43,55.86,8.29,5.95,28.20,301,2020
5.30E+11,Rainier Valley,Rainier Valley,BG0118005,1291,60013,319198,15.64,848,16.08,8.43,399,26.26,6.13,2.30,8.28,5.89,30.75,325,2020
5.30E+11,Rainier Valley,Rainier Valley,BG0118006,2268,39249,355755,1.65,646,16.45,8.95,843,73.27,12.90,58.01,8.39,5.77,33.88,392,2020
5.30E+11,Rainier View,Rainier Valley,BG0119001,1364,62493,349195,40.66,1359,14.98,40.07,574,11.12,0.00,0.51,17.79,7.60,26.10,403,2020
5.30E+11,Rainier View,Rainier Valley,BG0119002,1492,61014,274281,34.67,1508,3.99,34.49,599,20.66,0.00,0.95,17.64,7.83,8.79,329,2020
5.30E+11,Rainier View,Rainier Valley,BG0119003,1250,73638,388307,14.69,1391,4.35,17.83,436,15.96,0.00,2.54,17.63,7.52,46.67,321,2020
5.30E+11,Rainier View,Rainier Valley,BG0119004,1510,68175,284291,15.87,1156,7.47,17.85,479,30.50,0.00,0.00,17.73,7.60,27.05,338,2020
5.30E+11,Rainier View,Rainier Valley,BG0119005,1647,70436,345562,20.76,960,18.69,19.48,538,23.21,8.85,0.00,17.77,7.72,33.81,322,2020
5.30E+11,Arbor Heights,West Seattle,BG0120001,1098,85314,290517,24.94,1306,18.47,73.78,550,30.05,0.00,9.56,19.08,6.78,45.74,328,2020
5.30E+11,Arbor Heights,West Seattle,BG0120002,1214,93763,376882,23.20,868,11.12,81.48,513,10.88,0.00,0.00,19.26,6.76,34.37,321,2020
5.30E+11,Arbor Heights,West Seattle,BG0120003,1121,95283,391646,30.56,1159,12.90,79.11,491,23.47,0.00,3.52,19.08,6.73,42.10,213,2020
5.30E+11,Arbor Heights,West Seattle,BG0121001,1185,100909,713318,33.54,1530,4.15,86.38,584,10.14,0.00,9.82,10.67,6.94,25.67,192,2020
5.30E+11,Arbor Heights,West Seattle,BG0121002,1543,101274,433411,33.42,1163,5.04,81.32,675,15.24,0.00,3.85,10.35,6.90,28.41,338,2020
5.30E+11,Bitter Lake,North Seattle,BG0260011,1297,88926,402921,38.67,244,0.00,41.84,530,3.91,0.00,0.00,19.32,10.98,29.57,308,2020
5.30E+11,Highland Park,West Seattle,BG0264004,1396,59706,263226,18.61,904,9.69,52.58,689,49.83,5.72,56.06,10.16,2.93,10.58,131,2020
5.30E+11,Highland Park,West Seattle,BG0265001,542,59279,272020,7.48,609,0.00,39.83,227,58.61,0.00,0.36,11.37,2.58,41.42,37,2020