GEO.id,GEO.id2,GEO.display-label,HC01_EST_VC08,HC01_EST_VC09,HC01_EST_VC10,HC01_EST_VC11,HC01_EST_VC12,HC01_EST_VC13,HC01_EST_VC14,HC01_EST_VC15,HC01_EST_VC16,HC01_EST_VC17,HC01_EST_VC18,HC01_EST_VC19,HC01_EST_VC20,HD01_VD10,HD01_VD01,HC05_EST_VC02,HC01_EST_VC02,HC02_EST_VC11,HC02_EST_VC18,HC01_EST_VC07,HC02_EST_VC02,HC02_EST_VC22,HC01_EST_VC01,HC03_EST_VC01,HC03_EST_VC37,HC03_EST_VC41,HC03_EST_VC45,HC03_EST_VC49,HD01_VD01,HD01_VD05,HD01_VD06,HD01_VD07,HD01_VD08,HD01_VD09,HD01_VD06,HD01_VD07
Id,Id2,Geography,Total; Estimate; AGE - 25 to 29 years,Total; Estimate; AGE - 30 to 34 years,Total; Estimate; AGE - 35 to 39 years,Total; Estimate; AGE - 40 to 44 years,Total; Estimate; AGE - 45 to 49 years,Total; Estimate; AGE - 50 to 54 years,Total; Estimate; AGE - 55 to 59 years,Total; Estimate; AGE - 60 to 64 years,Total; Estimate; AGE - 65 to 69 years,Total; Estimate; AGE - 70 to 74 years,Total; Estimate; AGE - 75 to 79 years,Total; Estimate; AGE - 80 to 84 years,Total; Estimate; AGE - 85 years and over,Estimate; Public transportation (excluding taxicab):,Estimate; Total:,Nonfamily household; Estimate; Total households,Total; Estimate; Total households,Married-couple family household; Estimate; AGE OF OWN CHILDREN - Households with own children of the householder under 18 years - Under 6 years only,Percent; Estimate; Percent bachelors degree or higher,Total; Estimate; Population 25 years and over,Median income (dollars); Estimate; Households,Median income (dollars); Estimate; FAMILIES - Families,Occupied housing units; Estimate; Occupied housing units,Renter-occupied housing units; Estimate; Occupied housing units,"Renter-occupied housing units; Estimate; MONTHLY HOUSING COSTS AS A PERCENTAGE OF HOUSEHOLD INCOME IN THE PAST 12 MONTHS - $20,000 to $34,999 - 30 percent or more","Renter-occupied housing units; Estimate; MONTHLY HOUSING COSTS AS A PERCENTAGE OF HOUSEHOLD INCOME IN THE PAST 12 MONTHS - $35,000 to $49,999 - 30 percent or more","Renter-occupied housing units; Estimate; MONTHLY HOUSING COSTS AS A PERCENTAGE OF HOUSEHOLD INCOME IN THE PAST 12 MONTHS - $50,000 to $74,999 - 30 percent or more","Renter-occupied housing units; Estimate; MONTHLY HOUSING COSTS AS A PERCENTAGE OF HOUSEHOLD INCOME IN THE PAST 12 MONTHS - $75,000 or more - 30 percent or more",Estimate; Median value (dollars),Estimate; Total: - 3 or 4,Estimate; Total: - 5 to 9,Estimate; Total: - 10 to 19,Estimate; Total: - 20 to 49,Estimate; Total: - 50 or more,Estimate; Total: - 3 vehicles available,Estimate; Total: - 4 or more vehicles available
1400000US53033000100,53033000100,"Census Tract 1, King County, Washington",10.8,12.2,5,7.8,5.1,5.8,5.9,7.2,4.8,3.3,1.6,1.6,1.2,685,3448,1971,3400,35.3,45,4454,44951,79896,3400,2319,18.8,6,1.4,0,410700,269,93,322,419,1336,337,68
1400000US53033000200,53033000200,"Census Tract 2, King County, Washington",11.5,7.2,5.5,6,5.9,7.5,7,8,5.2,3.5,3,1.3,2.2,699,4007,1510,3572,26.4,52.7,5782,56208,69870,3572,1655,19.2,9.4,13.8,0,342400,97,117,380,467,492,353,30
1400000US53033000300,53033000300,"Census Tract 3, King County, Washington",10.7,8.4,7.7,8,4.7,7.4,8.1,5.2,5.6,2.7,0.9,2.8,0.5,309,1403,486,1087,35.4,33.1,1919,64297,87604,1087,479,20.7,9.4,3.1,3.8,336300,27,37,88,34,15,127,16
1400000US53033000401,53033000401,"Census Tract 4.01, King County, Washington",9,10.4,11,4.1,6,3.5,5.6,5.7,3.8,4.4,4.9,4.2,3.5,385,2691,2140,3301,51.4,39.4,4491,32472,57019,3301,2324,24.6,4.4,3.3,0,291400,88,114,229,489,1948,93,36
1400000US53033000402,53033000402,"Census Tract 4.02, King County, Washington",9.3,6.7,5.2,7.1,8.6,5.8,6,9.3,7.2,2.4,3.1,2.4,11.2,406,2644,1368,2299,35.4,53.3,3542,62726,105446,2299,1251,29.5,7.4,5.9,2.7,405400,84,209,242,291,302,340,70
1400000US53033000500,53033000500,"Census Tract 5, King County, Washington",1.5,3.2,6,8.2,6.2,7.9,10.8,12.9,6.7,3.6,5.4,1.1,3.9,148,1537,295,1246,35.8,70.8,2542,125400,145388,1246,63,0,0,0,0,568400,0,0,0,0,0,211,61
1400000US53033000600,53033000600,"Census Tract 6, King County, Washington",12,9.1,10,5.9,5.5,5.2,6.8,7.2,5.5,3.8,1.3,1.1,2.2,788,4272,1529,3345,57.9,46,5608,60131,68884,3345,1595,7,6.8,8.1,0,365000,68,139,104,806,212,317,118
1400000US53033000700,53033000700,"Census Tract 7, King County, Washington",11.5,7.9,4.6,8.8,4.8,5.2,4.5,8.5,6.3,2.9,1.6,1.6,0.4,765,2768,1106,2169,43.3,51.7,3505,51741,74917,2169,1087,16.9,8.8,2.3,0,323700,103,214,424,244,172,148,74
1400000US53033000800,53033000800,"Census Tract 8, King County, Washington",6,3.2,8.4,7,7.8,7,12.2,8.8,4.2,3.6,2.5,2.6,2.9,228,1376,354,1020,37.1,59.7,2270,87222,118839,1020,269,13,2.6,13.4,8.9,419900,0,0,26,38,0,163,12
1400000US53033000900,53033000900,"Census Tract 9, King County, Washington",4.1,5.3,7.7,6.5,7,5.1,12.9,10.5,7.2,4.1,1.4,2.5,2.1,161,1067,308,844,35,76.9,1523,125109,163000,844,138,0,5.1,18.1,8.7,628400,0,6,13,0,0,140,31
1400000US53033001000,53033001000,"Census Tract 10, King County, Washington",9.7,5.8,8,7,9,5.4,7,5.8,3.3,2.9,0.4,0.8,0.7,233,966,286,792,43.2,54.2,1100,69643,69417,792,384,12.5,2.3,0,0,415500,23,15,85,103,4,84,31
1400000US53033001100,53033001100,"Census Tract 11, King County, Washington",9.9,8.5,7.1,6.8,7.6,5.2,7.9,7.1,3.7,1.4,2.9,2.3,1.6,333,1497,462,1091,27.7,60.9,1885,64549,108375,1091,372,22.6,4.6,14.5,0,395500,8,0,93,55,61,140,49
1400000US53033001200,53033001200,"Census Tract 12, King County, Washington",13.7,9.7,7.3,9,3,4,5.8,4.2,3.5,1.8,2.8,1.3,7.9,835,3219,2379,3568,59.7,44.4,4300,31863,54681,3568,2645,19.1,7.4,2.7,0.3,311900,77,142,320,458,1793,186,49
1400000US53033001300,53033001300,"Census Tract 13, King County, Washington",15.7,12.5,7.2,10.1,4.4,6.2,6.4,4.8,3.5,2.8,1.6,2,0.6,526,2782,1177,2180,48.6,52.8,3223,56744,82361,2180,1213,13.1,3.9,9.8,0,306300,27,216,275,278,257,161,54
1400000US53033001400,53033001400,"Census Tract 14, King County, Washington",9.2,10.8,12.1,7.1,5.7,5.8,7.8,5.1,2.1,0.8,4.1,2.9,0.3,462,3301,838,2209,39.7,54.4,3667,72428,91213,2209,919,18.3,11,1.4,1.6,414100,78,15,194,226,78,380,115
1400000US53033001500,53033001500,"Census Tract 15, King County, Washington",1.5,4.3,4.9,9.6,11.3,6.9,10.1,10.7,5.6,3.3,3.1,2.4,2.4,164,1278,499,1107,22.6,69.9,1935,95927,133281,1107,237,2.5,5.9,6.8,0,585200,28,0,37,24,0,165,47
1400000US53033001600,53033001600,"Census Tract 16, King County, Washington",6.1,6.9,7.2,8.2,8,7.8,7.5,8.4,7.7,3.3,4,0.8,2.4,298,2184,668,1767,31.5,61.4,3172,96193,122321,1767,380,7.9,4.2,2.1,2.1,657200,31,71,78,76,0,326,80
1400000US53033001701,53033001701,"Census Tract 17.01, King County, Washington",16,10.1,10.2,10.4,3,8.8,4.2,5.1,4.8,1.2,1.1,0.9,0.2,540,2626,1176,1979,49.2,59.6,2816,65188,103510,1979,1105,5.4,5.2,3.5,0,313500,40,93,359,396,232,96,79
1400000US53033001702,53033001702,"Census Tract 17.02, King County, Washington",17.4,9.8,6.3,9.7,6.4,6.5,5.3,3.9,2.1,2.7,2,3.2,2.1,744,2540,1236,2074,38.6,49.3,3784,62786,86768,2074,954,14.5,6.4,8.1,3.2,378700,37,136,90,189,267,176,74
1400000US53033001800,53033001800,"Census Tract 18, King County, Washington",16.2,12.4,11.8,7.5,6.7,6.1,2.6,2.7,1.7,1,1.2,0.6,0.2,822,3628,1237,2225,56.4,59.4,3120,87159,78621,2225,1122,10.2,6.2,2.4,0,370200,387,272,172,21,0,287,28
1400000US53033001900,53033001900,"Census Tract 19, King County, Washington",11.8,8.3,11.1,7.6,5.3,4.7,6.1,6.7,2.2,1.9,1.8,2.7,3.1,490,2547,1290,2175,29.7,54.4,2747,61391,110221,2175,907,13.3,7.4,12.3,5,374700,17,80,115,197,521,151,87
1400000US53033002000,53033002000,"Census Tract 20, King County, Washington",11,10.9,8.2,9.8,6.9,6.3,7.4,4.1,3,1.5,1.9,2.6,2.8,307,2171,790,1606,51.3,64.9,2519,80400,111630,1606,667,21.4,12,4.5,2.7,442200,0,19,53,230,151,157,68
1400000US53033002100,53033002100,"Census Tract 21, King County, Washington",12.9,6.8,8.8,9.4,3.6,8.6,10.6,5.3,5.4,2.2,1.4,1.1,1.2,372,2442,733,1723,38.2,66.2,2606,85759,113333,1723,530,11.7,6.6,13.6,3,448500,56,91,96,40,53,220,66
1400000US53033002200,53033002200,"Census Tract 22, King County, Washington",5.7,4.4,4.7,7.3,8.4,7.7,9.2,8.1,7.2,4.9,1.9,1,2.3,437,2755,546,2171,29.6,74.1,3924,132981,157634,2171,163,15.3,0,31.3,0,569900,0,0,0,116,83,304,31
1400000US53033002400,53033002400,"Census Tract 24, King County, Washington",9.1,4.1,5.5,8.4,7.8,12.7,5.4,8.5,5.5,2.6,1,0.7,2.4,297,1696,450,1247,22.9,66.7,2061,103917,128578,1247,358,22.1,4.2,6.4,2.5,470600,52,9,7,59,27,162,52
1400000US53033002500,53033002500,"Census Tract 25, King County, Washington",7.7,9.9,11,9.4,8.6,4,6.1,7.8,5.2,2.8,0.7,0.8,1.2,319,1712,559,1266,39.2,70.5,2144,101413,115927,1266,342,3.8,26.3,0,0,457000,58,12,19,95,0,158,21
1400000US53033002600,53033002600,"Census Tract 26, King County, Washington",11.5,9.1,8.1,9.7,6.4,7.1,6.5,4.3,5.7,0.9,0.5,0.7,1.5,650,2904,785,1919,30.9,71.1,3253,91458,127024,1919,661,14.4,15,7.6,13.6,546400,33,65,8,108,182,228,47
1400000US53033002700,53033002700,"Census Tract 27, King County, Washington",10.6,13.3,10.7,5.2,8.8,4.7,4.8,7.4,4.8,1.1,0.7,1,1.4,870,3609,999,2319,53.5,69.9,3769,111661,121667,2319,750,3.7,8.1,6.1,3.6,538300,22,22,170,49,0,241,124
1400000US53033002800,53033002800,"Census Tract 28, King County, Washington",12.6,10.1,13.7,9.4,5.8,5.4,8,3.7,2.9,1.5,0.8,0.6,1,641,2901,932,2032,42.4,72.3,3199,90568,131429,2032,852,22.1,3.2,18.1,6.2,510400,195,152,149,198,0,251,14
1400000US53033002900,53033002900,"Census Tract 29, King County, Washington",7.6,10.2,7.1,9.6,16.3,7.1,6.2,3.1,4.7,1.1,0.7,0.9,1,451,2608,835,1878,31,69.6,3200,103750,129508,1878,653,4.3,11.8,11.2,1.7,492300,63,100,161,0,9,194,27
1400000US53033003000,53033003000,"Census Tract 30, King County, Washington",4.7,12.3,8.6,11.1,5.7,8.5,5.4,6.3,3.7,2.1,0.5,0.7,1.3,600,3384,1114,2434,39.9,65.9,4140,90789,98110,2434,848,15.2,6,6.3,4.8,496900,61,220,61,0,0,231,119
1400000US53033003100,53033003100,"Census Tract 31, King County, Washington",5.4,7.1,10.4,9.4,8.2,6,10,7.1,4.2,1.8,2.2,0.5,1.3,592,3507,978,2610,32.4,66.2,4619,101397,126111,2610,536,10.1,10.1,8.8,5.8,497100,0,54,73,0,76,271,102
1400000US53033003200,53033003200,"Census Tract 32, King County, Washington",12.1,10.2,7.2,8.9,6.6,6.4,5.9,6.9,4.2,2.9,1.5,2.2,2,848,4989,2188,3971,42.9,70.2,5959,79681,96250,3971,1938,12.1,7.8,1,0.3,568000,210,427,406,296,319,225,195
1400000US53033003300,53033003300,"Census Tract 33, King County, Washington",14.8,18,8.6,11.1,5.3,4.3,7.1,5.2,5,1,0.6,0.5,0.2,800,4539,1587,3166,50.5,67.5,4713,85595,110547,3166,1742,10.9,7.1,3.3,3.3,452200,287,431,479,7,62,283,11
1400000US53033003400,53033003400,"Census Tract 34, King County, Washington",10.8,8.3,12,9.8,7.2,6.4,5.3,6.4,4.7,1.1,0.8,0.8,0.2,256,2061,535,1506,33.5,76.9,2539,97500,117208,1506,531,3.8,24.9,5.1,0,533300,191,67,9,8,0,150,48
1400000US53033003500,53033003500,"Census Tract 35, King County, Washington",9,8.7,9,8.4,5.8,6.3,6.8,9,3.7,3,1.2,0.9,3,451,2415,944,1841,36.6,69.1,3095,81563,125125,1841,822,9.6,8.4,7.5,0,571000,58,150,112,185,135,187,23
1400000US53033003600,53033003600,"Census Tract 36, King County, Washington",21.6,16.4,6.8,7.1,4.3,2.2,2,5.6,3,2.4,1.6,0.7,3.2,1215,4151,2477,3210,28.7,79.1,4213,65172,119375,3210,2344,18.9,7.3,11,1.7,581800,95,205,555,636,517,219,106
1400000US53033003800,53033003800,"Census Tract 38, King County, Washington",8.5,6.2,5,7.2,6.7,7.6,8.7,4.6,6.1,3.1,1,1.2,2.4,209,1099,372,856,34.3,68.9,1463,96310,126250,856,247,13.4,4.5,15.8,0,543100,23,53,37,16,63,86,35
1400000US53033003900,53033003900,"Census Tract 39, King County, Washington",8.7,6.3,7.7,8,4.8,8.1,6.3,6.7,4.2,3.3,1.5,3.2,1,118,1556,362,1161,42.3,68.7,1878,110458,133826,1161,303,6.9,0,6.3,7.6,573700,0,59,67,11,0,173,86
1400000US53033004000,53033004000,"Census Tract 40, King County, Washington",10,6.3,8.6,10,6.3,4.1,7.8,5.4,5.1,1.6,1.3,0.9,2.6,251,1564,572,1322,25.3,78.2,2156,75714,148958,1322,481,8.7,8.1,1.2,2.1,663500,7,38,124,270,263,187,10
1400000US53033004100,53033004100,"Census Tract 41, King County, Washington",4.9,5.6,7.3,7,10.3,7.5,4.7,6.3,5.7,5.1,0.7,1.6,1.4,385,3728,740,2900,23.5,81.1,5124,132917,165250,2900,979,14.2,4.5,7.4,0,932600,230,176,145,58,48,515,125
1400000US53033004200,53033004200,"Census Tract 42, King County, Washington",8.6,7.5,9,7.1,6.7,7.3,6.9,5,5.1,3.1,1,2.9,1,648,4583,1187,3225,40.2,80.4,5526,110091,133750,3225,802,5.5,7,13.3,7.2,623600,97,243,55,0,141,297,130
1400000US53033004301,53033004301,"Census Tract 43.01, King County, Washington",10.3,6.5,8,6.5,7.4,3,3.2,6.7,4,2.2,1.9,1.4,2.1,414,1860,715,1411,34,77.2,2238,64797,135714,1411,643,28.6,7.3,12.6,2,579400,5,161,56,103,211,67,52
1400000US53033004302,53033004302,"Census Tract 43.02, King County, Washington",8.4,2,3.2,1.8,1.7,1.2,1.1,1.4,2.5,1.5,1.6,0.7,3.2,381,1529,1229,1440,68,71.4,633,18908,47548,1440,1322,14,5.5,4.6,1.9,439100,102,278,431,297,351,8,47
1400000US53033004400,53033004400,"Census Tract 44, King County, Washington",19,6.5,2.7,4.8,3.9,2.5,2.4,3.5,1.3,1.6,1.1,0,2.5,1163,4365,1738,2382,58.8,78.4,2687,50500,126875,2382,1787,10.5,9,3.5,2.4,592800,235,350,471,334,162,171,175
1400000US53033004500,53033004500,"Census Tract 45, King County, Washington",15.7,8.7,8.4,8.9,7.3,6.3,3.8,3.4,2,0.9,0.3,0.8,1.5,575,1974,515,1015,53.1,70.8,1980,88914,108333,1015,390,4.4,14.6,2.3,2.1,504100,27,0,0,33,0,99,102
1400000US53033004600,53033004600,"Census Tract 46, King County, Washington",9.2,13.5,8.4,7.4,8.3,5.2,7.4,5.7,3.2,3.5,1.1,0.6,1.2,341,2126,546,1420,33.4,80.1,2321,113906,128750,1420,451,5.5,5.8,7.3,1.6,643200,63,51,52,32,0,148,39
1400000US53033004700,53033004700,"Census Tract 47, King County, Washington",23,22.8,10.9,7.2,3.9,4.1,4.4,1.8,2.5,3.8,1.4,1.4,1.7,1294,5833,3350,4922,77.8,64.7,4768,72396,97917,4922,3908,13.4,5.3,8.6,0.7,427200,286,947,499,497,2004,0,23
1400000US53033004800,53033004800,"Census Tract 48, King County, Washington",17.5,21.2,8.5,8.9,6.2,3.5,4.8,7,3.4,0.6,0.8,1.3,0.3,714,3327,1150,2115,37.9,72.8,3544,93155,113250,2115,898,4.5,3.3,2.9,0,535100,220,198,72,82,0,401,26
1400000US53033004900,53033004900,"Census Tract 49, King County, Washington",25.6,19.7,10.3,4.7,4.1,4.3,4.1,2,1.7,1.7,0.2,0.3,1.2,1734,5308,2519,3627,74.3,77.4,4751,71809,107419,3627,2775,9.4,9.1,6.9,2.5,510500,231,873,742,382,122,187,62
1400000US53033005000,53033005000,"Census Tract 50, King County, Washington",21,14.6,8,7.8,6.7,4.2,5.1,3.6,2.8,0.9,1,0.2,4.3,678,2536,1193,1890,31.9,77.4,3302,65625,114125,1890,1345,19.2,7.7,8.4,2.4,562300,166,235,317,307,296,83,19
1400000US53033005100,53033005100,"Census Tract 51, King County, Washington",8,9.8,8.9,10.1,8.4,5.6,8.1,7.6,5,2.2,0.2,0.7,0.8,386,2343,714,1640,30.8,77.4,2701,99083,129632,1640,591,10,8,9,7.1,649000,95,85,85,99,0,119,64
1400000US53033005200,53033005200,"Census Tract 52, King County, Washington",11.9,6.8,7.2,6,2.5,1.7,3.6,3,1.3,1.3,0.9,0,1.9,1042,3769,2116,2865,42.4,69,2801,38487,119427,2865,2170,9.8,8.2,3.1,0.6,450500,167,217,355,742,665,110,77
1400000US53033005301,53033005301,"Census Tract 53.01, King County, Washington",10.3,4.2,1.2,1.1,2.7,1,1.9,1.6,0.1,0.5,0.9,0.4,0.3,1058,3027,2389,2678,0,47.5,2054,12269,50511,2678,2592,13.1,5.8,0.2,1.3,145000,61,300,369,1220,819,13,68
1400000US53033005400,53033005400,"Census Tract 54, King County, Washington",24.1,12.9,13.3,3.1,6.3,5.3,3.3,5.2,3.1,1.5,0.7,0.5,0.9,867,3753,1853,2766,59.1,78.8,3323,84728,123102,2766,1507,7.6,15.3,6,0,460400,269,334,267,348,229,141,44
1400000US53033005600,53033005600,"Census Tract 56, King County, Washington",2.6,4.2,5.8,9,6.5,7.9,9.6,11.2,5.5,3.2,5.2,1.7,2.1,315,3004,613,2565,25.7,76.9,4739,157292,173667,2565,201,0,8.5,8,6,714400,0,0,0,0,0,359,124
1400000US53033005700,53033005700,"Census Tract 57, King County, Washington",7.3,7,7,7.7,4.6,7.4,9.3,7.9,6.2,3,2.5,1.3,0.7,528,3466,1080,2741,42.9,67.5,4523,90951,107404,2741,1004,10.4,6.7,0,10.2,605300,100,220,109,222,0,298,158
1400000US53033005801,53033005801,"Census Tract 58.01, King County, Washington",11.1,13.6,10.1,9.3,7,6.1,4.4,6.1,3.3,0.9,1.1,1.4,2.3,618,3404,1686,2613,45.1,55.8,3878,66563,95750,2613,1567,12.6,14.7,8.9,1,459200,162,239,378,779,117,119,75
1400000US53033005802,53033005802,"Census Tract 58.02, King County, Washington",22.1,12.7,10,6.7,5.6,3.8,4.6,4.3,3.6,1.7,2.7,1.5,1.9,612,3631,1858,2701,50.9,68.2,3623,62639,91094,2701,1695,10.2,14.9,2.7,0,470700,365,446,387,492,197,140,54
1400000US53033005900,53033005900,"Census Tract 59, King County, Washington",9.4,5.4,7,6.1,4.1,6.7,4,4.6,3.5,1.1,2,0.5,0.4,326,4600,1244,2658,31.5,77.5,4113,87667,160890,2658,1137,12.6,12.7,8.3,6.9,671100,120,210,377,95,43,268,102
1400000US53033006000,53033006000,"Census Tract 60, King County, Washington",13.2,10.4,8.9,6.2,6.1,5.5,5.4,5.9,5.7,3.4,1,1.3,1,921,3871,1468,2492,52.7,73.4,3718,96538,160104,2492,1183,5.7,7.2,14.2,4.9,576500,269,261,246,313,215,193,69
1400000US53033006100,53033006100,"Census Tract 61, King County, Washington",17,18.7,5.5,6.3,4.7,6.2,4,4.2,4.9,4.2,2.9,0.3,0,781,3805,1909,2925,32.4,78.6,3938,76980,140147,2925,1822,7.4,13.4,11,0,637800,290,433,316,546,183,165,16
1400000US53033006200,53033006200,"Census Tract 62, King County, Washington",4.4,8.7,8.1,7.2,5.3,7.4,7.6,7.5,8.6,2,2.6,2,0.6,455,2181,485,1594,47.9,83.9,2992,131429,155547,1594,312,9.6,9.3,2.9,0,772800,10,23,35,92,0,174,27
1400000US53033006300,53033006300,"Census Tract 63, King County, Washington",3.5,3.9,6.4,9.9,6.5,5.4,4.8,9.8,9.5,8.7,2.7,4.5,2.8,258,2382,1128,2478,11.2,78.6,4020,132000,201333,2478,960,3.4,5,13.2,0,1050700,112,295,158,258,440,236,62
1400000US53033006400,53033006400,"Census Tract 64, King County, Washington",7.4,7.8,7.4,8.7,9.6,9,5.8,7.2,4.3,2,1.3,1.6,1.5,275,1907,452,1288,25.1,83.1,2421,154868,183889,1288,289,0,7.3,11.1,3.1,879600,23,11,32,42,14,129,29
1400000US53033006500,53033006500,"Census Tract 65, King County, Washington",11.4,13,13.8,8.3,4.8,6.8,7,5.7,5.2,3.1,1.6,0.4,0.3,439,2933,1522,2434,51.8,73.6,3197,98617,152778,2434,1387,4.5,9.6,5.6,1.1,833600,190,336,477,379,54,125,29
1400000US53033006600,53033006600,"Census Tract 66, King County, Washington",24.2,17.9,12.6,6.1,5.4,6.6,4.7,2.1,1.7,3.7,0.3,0.3,0.4,742,2833,1592,2167,69.5,75.1,2692,82154,101949,2167,1753,7.3,7.8,12.2,0.7,472900,304,320,409,579,351,0,0
1400000US53033006700,53033006700,"Census Tract 67, King County, Washington",25.6,17,8.7,6.4,3.5,5.8,2.6,4.8,2.8,3.7,1.1,0.9,2.3,1161,5468,2927,4254,74.8,72.5,5440,88719,110881,4254,2950,8.7,7.4,4.2,3.5,401300,257,354,821,1296,1189,100,26
1400000US53033006800,53033006800,"Census Tract 68, King County, Washington",12.2,10.2,7.5,9.3,6.1,7.4,6.4,5.6,4.2,2.2,0.2,0.4,1,277,1882,692,1394,30,77.4,1987,98750,156786,1394,740,10.5,2.4,5.9,2.3,766200,161,177,108,112,148,115,35
1400000US53033006900,53033006900,"Census Tract 69, King County, Washington",11.3,11.1,7.9,6.6,7.2,6.9,7,7.8,3.7,3.5,1.3,1.3,2.1,451,2719,1093,2186,33.8,73.6,2943,100172,145040,2186,1021,13.8,16,2.9,0.9,717300,284,214,186,238,145,88,78
1400000US53033007000,53033007000,"Census Tract 70, King County, Washington",18.3,18.3,8.1,4.8,4.3,5.2,6.8,5.2,6.8,3.2,0.1,2.5,3.8,1489,5278,3911,5116,64.6,66.6,5872,67572,127210,5116,3727,10.1,9.3,2.5,2.2,402000,48,342,1196,2168,1069,60,51
1400000US53033007100,53033007100,"Census Tract 71, King County, Washington",27.9,17.5,9.6,4.7,7.9,6,4.1,5.4,2.5,0.6,0.6,0,0,694,2926,1944,2490,81.4,69.4,2171,74143,111731,2490,2025,8.1,7.2,6.7,2.4,285100,92,86,267,1090,1052,7,0
1400000US53033007200,53033007200,"Census Tract 72, King County, Washington",21.5,21.8,8.4,8.8,3.2,6.7,1.8,2.3,2.8,2.1,0,1.3,0,1216,5300,3885,4836,100,68,3093,74559,126827,4836,4251,9.1,5.8,3.2,3,367200,0,96,177,453,4422,45,34
1400000US53033007300,53033007300,"Census Tract 73, King County, Washington",16.8,14.2,12.2,6,5.3,6.5,4.3,4.9,4,2.9,1.7,3.2,2.3,483,3329,3019,3761,79.7,60.2,2832,76582,134708,3761,3322,7.5,6.7,4,3.5,464700,16,16,187,445,3517,0,0
1400000US53033007401,53033007401,"Census Tract 74.01, King County, Washington",26.4,18.8,9.4,7.5,4.6,5,3.5,6.1,1.9,1.2,1.2,2.7,0.5,1150,4084,2865,3511,0,68.9,3260,67834,106719,3511,2693,6.5,6.5,4.6,0.6,263400,39,239,938,1280,903,42,10
1400000US53033007402,53033007402,"Census Tract 74.02, King County, Washington",27.1,13.2,17.5,4,4.2,6.1,4.1,4.4,2.3,1,0,0.3,0.8,1137,3993,3106,3448,72.5,57.7,4053,41842,116179,3448,2715,23.2,10.2,2.6,1.9,281300,51,57,757,1699,1041,0,58
1400000US53033007500,53033007500,"Census Tract 75, King County, Washington",21.3,23.3,7.8,5.8,6.3,5.7,1.7,4.7,2.9,1.4,0,0.3,0,1567,5729,3771,4905,81.7,67,4960,63419,100463,4905,3970,13.5,8,5,1.9,483000,289,538,957,1022,1233,0,0
1400000US53033007600,53033007600,"Census Tract 76, King County, Washington",18.8,12.4,8,9.4,5.1,5.3,5.8,5.1,4,1,1.4,1.3,1.2,839,2444,1397,1999,53.3,70.9,2894,68199,97738,1999,1320,5.7,10.3,10.8,1.1,471900,145,131,644,338,117,46,24
1400000US53033007700,53033007700,"Census Tract 77, King County, Washington",9,16.3,6.2,13.2,6.9,5.9,3.9,4.4,2.9,1.7,0,0.7,0.4,911,3177,1166,2260,44.6,65.1,2977,104632,137500,2260,1008,16.9,2.1,11.8,2.1,431000,96,207,279,114,0,126,115
1400000US53033007800,53033007800,"Census Tract 78, King County, Washington",4,6.1,7.2,9.7,8.3,8.7,10.3,5.7,7.9,1.8,0.3,1.6,1.6,523,3050,718,2173,25.6,79.1,3972,137358,171976,2173,530,25.7,0,2.1,0,740300,29,7,67,86,0,236,23
1400000US53033007900,53033007900,"Census Tract 79, King County, Washington",19.8,15.5,6.6,7.8,5.6,4.5,4.8,2.9,5.3,3.3,1.2,1.5,1.2,995,3761,2295,3105,78.4,66.7,3999,57786,93545,3105,2122,9.9,7.4,4.7,0,403400,112,219,282,647,968,112,49
1400000US53033008001,53033008001,"Census Tract 80.01, King County, Washington",23.4,14.5,13.3,8,11.4,4.8,2.5,5.6,2.1,4.3,1.2,0.4,0,687,4359,2870,3981,63.5,67,4334,88068,128693,3981,2907,5.3,1.5,4.4,4.6,378400,0,28,130,582,3435,25,13
1400000US53033008002,53033008002,"Census Tract 80.02, King County, Washington",16.8,8.6,5.4,8.4,6.5,4,8.8,8.4,4.6,4.2,2.7,0.6,2,313,2045,1830,2263,100,50.4,2327,37466,66393,2263,1825,8.4,0.5,2.9,0.8,463600,0,0,21,435,1965,16,0
1400000US53033008100,53033008100,"Census Tract 81, King County, Washington",17.1,11.8,8.5,6,8,6.6,8,7.9,8.8,3.9,0.8,0,2.7,396,2259,1765,2478,19.7,52.2,3981,75531,121964,2478,1972,8.7,1.4,5.9,3.7,598600,0,72,110,652,2417,0,0
1400000US53033008200,53033008200,"Census Tract 82, King County, Washington",20.5,16.3,6.9,4.2,3.1,7.6,2.5,1.6,2.8,2.4,2.3,5.9,7.1,436,2402,1966,2557,100,66.9,2551,56318,121942,2557,2206,13,1.7,1.7,0.7,503600,17,14,36,388,2372,0,6
1400000US53033008300,53033008300,"Census Tract 83, King County, Washington",23,10.6,7.3,4.1,6.1,5.1,4.8,7,7.2,3.8,4.2,2.1,3.7,346,1984,1619,1975,0,56.5,2263,49291,86389,1975,1529,16.2,15.7,2.3,1.3,315700,16,0,31,420,1561,15,0
1400000US53033008400,53033008400,"Census Tract 84, King County, Washington",24.8,13.3,6,7,6.3,2.5,4.5,4,3,2.6,1,0.6,2.6,927,2948,2434,2978,36.2,62.2,3194,42339,72333,2978,2649,20.9,4.4,0.6,0,364700,15,172,410,1314,1216,8,0
1400000US53033008500,53033008500,"Census Tract 85, King County, Washington",13.8,12.4,5.1,6.5,4.2,6.4,5.2,4.6,3.7,3.2,5.3,4.2,7,230,1054,1430,1875,0,30.5,3051,29883,51719,1875,1670,14.9,4.8,4.3,2.2,325800,91,78,27,564,1172,0,11
1400000US53033008600,53033008600,"Census Tract 86, King County, Washington",11.9,10,3.8,5,5.4,2.2,2,1.7,1.7,0.8,1.6,0.4,0.5,544,2748,1508,1870,0,65.2,1969,43375,54444,1870,1501,9.1,11.3,5,1.7,398800,269,152,234,525,508,29,51
1400000US53033008700,53033008700,"Census Tract 87, King County, Washington",17.6,11.2,9.6,5.6,5.9,5.3,2.8,5.7,2.9,1.1,0.9,0.3,1,601,2885,1123,1806,43.8,49.6,2876,56700,64205,1806,1147,16.4,6.4,8.8,1.3,403500,170,196,220,205,76,175,15
1400000US53033008800,53033008800,"Census Tract 88, King County, Washington",14.9,16,9.7,6.5,6.4,5.6,3.5,4.8,1.3,1.7,1.4,1,1.4,755,2476,732,1494,54.3,59.1,2447,76524,105333,1494,737,4.6,12.6,10.6,0.8,483100,83,125,109,27,9,94,27
1400000US53033008900,53033008900,"Census Tract 89, King County, Washington",8.3,10.9,7.3,8,8.6,8,4.9,2.5,4.3,2.6,4,2.5,3.9,321,2626,1011,2058,28.8,59.1,3672,79953,93344,2058,1056,13.7,3.4,3.4,3.4,483200,133,237,88,237,40,100,101
1400000US53033009000,53033009000,"Census Tract 90, King County, Washington",11,9.7,9.9,8.7,4.9,3.8,4.7,4,5.5,1.4,3.8,4.1,6.5,467,1837,1160,1742,63.1,43.1,1924,44571,65357,1742,1256,15.4,6.5,2.5,0.6,302100,125,76,118,128,804,33,9
1400000US53033009100,53033009100,"Census Tract 91, King County, Washington",14.6,10.3,3.1,5.9,10,5.3,3.2,5.7,3.4,2,3.5,2.3,4.4,703,1508,954,1421,63.8,24.4,1809,29464,32582,1421,1325,13.2,2.5,3.2,2.4,251400,70,68,100,543,664,0,8
1400000US53033009200,53033009200,"Census Tract 92, King County, Washington",8.2,8.5,7.1,7.8,5.4,9.3,8.9,7.7,7.7,3.8,1.5,2.7,4.1,424,1300,1441,1734,64.2,34.9,2019,25625,(X),1734,1658,9.9,2.8,5.3,0,353600,0,47,174,464,1178,9,0
1400000US53033009300,53033009300,"Census Tract 93, King County, Washington",11.5,11.5,10,9.1,6.1,6.1,6.1,6.8,2.4,1.8,3.5,1.3,2.8,440,1707,638,1069,26.5,43.4,1757,70458,93911,1069,512,16.8,9.4,1,0,347500,18,28,199,186,285,77,43
1400000US53033009400,53033009400,"Census Tract 94, King County, Washington",10.4,6.7,10.2,10.6,7.7,5.9,3.5,4,4.3,3.5,1.3,4.6,2.4,754,3246,1122,2527,46,40.6,3984,47737,64901,2527,1497,7.1,7.3,1.8,0,359500,565,68,59,17,584,184,61
1400000US53033009500,53033009500,"Census Tract 95, King County, Washington",5.7,6.1,5.5,12.3,10.1,7.1,8.9,4.4,6,4.7,1.5,0.1,1,559,3135,1127,2577,17.2,58.4,4018,81676,112955,2577,783,3.1,10.3,4.2,0,503600,47,15,61,0,248,163,54
1400000US53033009600,53033009600,"Census Tract 96, King County, Washington",6,7.4,9.5,7.4,6.8,10.7,7.7,9.7,5.6,3.5,1.6,2.1,3.2,361,2955,1455,2727,6.6,60.5,4647,77808,138462,2727,1341,14.5,4.3,1.9,0,621100,344,146,447,458,80,255,96
1400000US53033009701,53033009701,"Census Tract 97.01, King County, Washington",7.3,9.3,7.3,9,8.4,5.4,9.5,8,6.9,3.7,2.1,0.3,3.5,491,3324,1509,2926,38.3,64.6,4578,82333,133354,2926,1402,18.1,16.2,1.1,1.4,618400,199,236,394,451,65,234,46
1400000US53033009702,53033009702,"Census Tract 97.02, King County, Washington",5.7,6.6,6.1,12,7.1,9.8,6.5,6.7,6,2.6,1.6,1.3,1.5,491,3118,710,2241,24.6,64.9,3780,106319,122830,2241,345,24.3,16.5,7.8,0,457500,47,0,137,24,0,337,36
1400000US53033009800,53033009800,"Census Tract 98, King County, Washington",3.9,8.5,9.3,12.9,10.2,5.4,4.8,7.2,4.4,0.9,2.2,0.9,2.2,458,3605,1214,3026,33.5,58.8,4689,71705,112581,3026,1062,1.2,9.3,6.7,0,459700,34,128,255,219,67,238,98
1400000US53033009900,53033009900,"Census Tract 99, King County, Washington",11.6,15.5,10.8,8.3,12.9,4.4,5.6,4.9,3.4,1.7,0.5,1.8,0.3,758,3270,1436,2610,64.7,59.1,4023,67277,88382,2610,1111,11.3,7.7,4.6,0,331700,91,102,237,421,310,162,82
1400000US53033010001,53033010001,"Census Tract 100.01, King County, Washington",9.1,5.9,10.6,9.9,3.9,3.9,4.9,6.8,5.6,4.2,0.6,0.8,1.8,413,2036,468,1518,32.5,35.8,2714,51316,59722,1518,743,19.9,5.2,8.2,0.7,367200,18,117,70,109,97,143,16
1400000US53033010002,53033010002,"Census Tract 100.02, King County, Washington",11.2,13.1,8.7,6.7,9,8.1,5.7,3.5,2,1.7,1.7,3.1,0.9,953,3008,796,1770,25,39.6,3243,66458,66968,1770,949,9.9,13,5.4,1.3,383700,33,174,199,212,20,195,151
1400000US53033010100,53033010100,"Census Tract 101, King County, Washington",6.6,9.1,5.1,7.5,10.4,11.5,7.3,5.2,4.9,2.8,2.6,0.8,2.3,472,3500,1363,2796,22.1,47.3,4471,59275,84632,2796,1200,16.9,6.3,9.3,0,450500,50,177,103,41,395,186,59
1400000US53033010200,53033010200,"Census Tract 102, King County, Washington",7.6,5.7,11.1,7.3,8.4,7.1,6.3,8.4,5.1,3.3,1.9,0.9,3.5,304,2528,785,1902,47.7,59.8,3563,84324,113972,1902,433,15.2,4.4,9.7,0,445000,0,9,44,37,9,239,69
1400000US53033010300,53033010300,"Census Tract 103, King County, Washington",9.4,10,10.1,8.2,12.5,5.5,6,4.3,4.5,1.5,1.9,1.7,1.2,575,3395,1230,2545,32.4,34.6,4294,57750,62679,2545,1293,17.1,1.8,1.3,0,356900,170,278,195,212,200,258,184
1400000US53033010401,53033010401,"Census Tract 104.01, King County, Washington",6.5,10.2,6.2,7.4,11.4,7,4.2,6.7,3.9,4.1,3.8,2.3,1.6,402,2268,465,1400,25.5,31.9,3211,60682,65069,1400,304,16.8,12.5,13.2,0,347400,0,0,10,6,0,180,167
1400000US53033010402,53033010402,"Census Tract 104.02, King County, Washington",9,8.7,6.6,9.4,11.2,4.8,5.8,6.2,3,3.7,3.1,1.6,1.2,545,2870,475,1583,48.5,31.1,3248,79432,81791,1583,607,6.4,8.2,9.2,1.8,322000,0,18,64,0,0,265,161
1400000US53033010500,53033010500,"Census Tract 105, King County, Washington",9.9,9.2,9.2,6.5,9,6.8,6.6,5.9,3.7,2.4,3,1.1,6.3,772,3922,2094,3477,29.7,53.6,5207,66794,105871,3477,2074,12.6,9.6,10.8,1.7,380700,351,215,194,504,926,175,49
1400000US53033010600,53033010600,"Census Tract 106, King County, Washington",4.4,8.2,10.6,9.7,8.9,8.8,9.3,5.2,3.2,2.1,3.3,1.2,2.2,796,4558,1470,3571,37.9,58.3,5673,90208,109681,3571,1270,12.2,10.6,2.9,0,448100,77,116,292,474,130,422,66
1400000US53033010701,53033010701,"Census Tract 107.01, King County, Washington",11.5,9.1,7.8,6.7,6.4,8,3.5,3.5,1.4,1.4,0.5,0.5,0.6,404,1691,594,1431,42.1,32,1792,55504,54258,1431,829,15.7,2.1,1.2,0,291000,96,221,24,109,78,52,9
1400000US53033010702,53033010702,"Census Tract 107.02, King County, Washington",7.9,4.9,13.7,4.8,4,6.2,4.4,3.4,3.6,2,0.6,1.2,0.5,276,1605,434,1465,43.1,34.8,1631,48036,47443,1465,935,8.1,4.7,0,4.2,325500,139,45,68,91,192,89,53
1400000US53033010800,53033010800,"Census Tract 108, King County, Washington",6.7,9.2,6.9,9.8,8.3,4.8,7.6,5,3.9,2.1,1.7,0.6,0.5,285,2480,660,1719,21.3,40.6,3299,74107,83750,1719,652,2.3,22.5,4.9,1.1,307700,11,11,23,66,13,269,104
1400000US53033010900,53033010900,"Census Tract 109, King County, Washington",13.4,7.1,12.5,10.7,9.8,8.8,6.8,5.2,2.7,0.6,0.7,1.2,0.9,183,725,442,597,23.1,43.2,1084,42159,81442,597,353,17.6,11,1.4,0,303800,64,36,90,25,31,30,11
1400000US53033011001,53033011001,"Census Tract 110.01, King County, Washington",4.6,6.5,11.9,7.1,5.8,5.9,4.9,4.8,1.9,4.6,1.9,2.5,3.1,357,1737,652,1642,16.6,21.9,2519,29286,41161,1642,1086,9.1,7.4,1.8,0,290600,103,32,54,117,231,137,79
1400000US53033011002,53033011002,"Census Tract 110.02, King County, Washington",8,6.6,7.8,3.5,7.1,5.2,6,6.7,3.5,2.1,1.9,3,1.4,586,2074,256,1278,17.9,17.7,2413,47604,54286,1278,576,13,10.8,0,0,328000,39,36,25,0,20,125,110
1400000US53033011101,53033011101,"Census Tract 111.01, King County, Washington",10,10,10.9,5.7,5.8,4.8,9.2,5.7,4.6,3.3,2.4,0.9,3.5,569,2514,692,1743,37.5,25.9,2852,52412,62159,1743,891,12.8,5.5,4.3,0,303300,14,55,112,47,487,215,85
1400000US53033011102,53033011102,"Census Tract 111.02, King County, Washington",7.3,9.3,6.3,5.9,6.3,4.6,9.2,3.7,2.7,2.4,1.3,1.6,4.5,382,2345,459,1481,28.7,42,3076,61901,81250,1481,614,9.1,0,0.8,0,437400,99,33,150,15,251,190,24
1400000US53033011200,53033011200,"Census Tract 112, King County, Washington",5.8,9,9,6.6,5.4,6.5,5.9,5.4,3.5,0.8,0.9,1.5,1.1,375,1785,652,1449,45,18.2,2811,35425,35568,1449,837,28,0,1.7,0.7,250000,122,108,168,98,0,176,81
1400000US53033011300,53033011300,"Census Tract 113, King County, Washington",3.9,8.4,8.8,7.7,8.7,6.3,6.4,7.5,2.9,5.5,2,3.1,1.7,624,3617,1453,2950,26,27,4015,47363,76558,2950,1674,29.9,3.3,11,0,280000,30,292,173,41,848,313,164
1400000US53033011401,53033011401,"Census Tract 114.01, King County, Washington",16,9.6,13.2,7,4.6,8.9,5,4.6,2.3,0.4,0.7,0,0.8,498,2467,737,1678,47,27,2924,54622,64760,1678,916,15.3,13.1,5.1,0,281900,134,200,60,263,134,189,71
1400000US53033011402,53033011402,"Census Tract 114.02, King County, Washington",6.4,11.8,7.2,7,4.4,8.1,9,3.8,4,4.7,2.3,1.3,1.5,287,2081,803,1875,34.8,31.4,2665,47701,55667,1875,1132,9.2,5.2,0,0.8,251700,72,152,223,187,253,149,27
1400000US53033011500,53033011500,"Census Tract 115, King County, Washington",5.1,12.5,10.5,10.3,8.4,10.2,4.6,6.2,5.1,1.7,1.6,1,0.4,446,2536,871,1945,46.1,47.3,3280,75123,107500,1945,629,18.9,9.2,3.8,0,350500,14,49,120,90,46,155,109
1400000US53033011600,53033011600,"Census Tract 116, King County, Washington",2.6,7.3,6.8,10,9.8,10,10,7.6,4.2,3.1,1.6,2.2,3.2,532,3809,1277,2988,32.1,55.2,4986,102500,135583,2988,882,14.6,9.6,5.2,1.6,521200,31,63,93,42,59,356,108
1400000US53033011700,53033011700,"Census Tract 117, King County, Washington",8.4,4.7,6.9,7.8,9.2,7.7,6.5,4.7,2.9,3.2,3,2.1,1.5,578,2565,433,1700,15.9,28.6,3898,60917,66019,1700,461,9.8,2.2,9.3,0,283700,81,45,8,0,82,365,180
1400000US53033011800,53033011800,"Census Tract 118, King County, Washington",8.5,5.8,7.1,8.6,3.2,4.9,7,7.6,4.7,1.2,1.3,1,1,615,2951,991,2782,14.5,26.9,4492,38846,33642,2782,1515,19,1.5,1.5,0,344900,318,220,176,268,334,246,107
1400000US53033011900,53033011900,"Census Tract 119, King County, Washington",8.8,7.9,6,7.9,8.7,4.1,7.8,6.9,3.4,3.1,1.9,2.4,1.1,669,3786,894,2526,31.2,29.8,4985,71524,76530,2526,822,4,9.7,6.1,0,280300,37,13,0,87,0,484,203
1400000US53033012000,53033012000,"Census Tract 120, King County, Washington",10.2,6.5,7.9,6.2,9.4,7.3,8.3,6.6,4.5,1.9,1.1,0.9,1,291,2008,608,1456,43.5,51.2,2550,83421,107262,1456,300,19.3,7.7,21.3,0,343100,0,0,0,18,0,267,46
1400000US53033012100,53033012100,"Census Tract 121, King County, Washington",5.5,4.8,4.9,10.3,8.6,5.8,7,10.3,5.2,4.8,5,1.4,2.8,127,1569,368,1177,32.5,56.6,2098,110060,130972,1177,155,12.3,7.7,0,0,429300,13,11,17,30,22,195,39
1400000US53033020100,53033020100,"Census Tract 201, King County, Washington",3,2.6,4,6.5,4.7,8.5,10.1,9.8,12.8,5.9,4.8,1.4,4.9,132,1450,414,1256,21.6,57.8,2407,93235,121500,1256,155,15.5,15.5,11.6,0,480700,22,15,40,52,0,171,104
1400000US53033020200,53033020200,"Census Tract 202, King County, Washington",3.3,4.9,7.8,6.2,7.3,6.6,8.1,5.1,7.3,4.8,4,3.5,7.6,276,2546,737,2142,21.3,51.5,4046,72028,100972,2142,626,13.6,20.9,8,0,395700,25,83,83,184,168,518,87
1400000US53033020300,53033020300,"Census Tract 203, King County, Washington",6.7,8.4,9.1,6.6,4.8,8.8,8.4,6,4.6,2.3,2.9,1.5,1.3,621,3487,1416,2960,21.4,38,3929,58182,63594,2960,1744,19.9,11.4,5.1,0,310900,21,249,402,271,550,313,126
1400000US53033020401,53033020401,"Census Tract 204.01, King County, Washington",7.9,9.9,5.6,9.8,6,5.8,9.1,8.2,7.4,1.4,0.6,0.4,1.6,199,1879,594,1364,24.7,36.8,2565,61330,80313,1364,503,8,21.3,5.2,0,298200,182,105,62,56,7,174,107
1400000US53033020402,53033020402,"Census Tract 204.02, King County, Washington",5.3,6.9,7,7.9,4.8,5.1,8.4,8.9,5.5,4.4,2.8,2.8,0.9,368,2749,618,2233,36.9,39.4,3844,71758,85890,2233,610,8,15.9,7.5,0,341300,154,124,73,97,84,305,52
1400000US53033020500,53033020500,"Census Tract 205, King County, Washington",10.2,9.2,6.5,7.7,7.3,8.9,7.1,6.6,6.2,1.2,1.4,2.3,2,453,3404,1023,2674,38.6,43.7,4516,66786,85515,2674,1028,18.2,3.9,2.7,1.5,287300,122,152,118,218,200,327,161
1400000US53033020600,53033020600,"Census Tract 206, King County, Washington",4,8.3,8.3,5.1,5.6,10.5,10.2,6.3,2.5,4,2.7,1.8,1.3,244,1793,438,1290,37.8,32.3,2502,72500,90938,1290,323,8.4,11.8,9,0,328300,0,34,19,9,9,244,99
1400000US53033020700,53033020700,"Census Tract 207, King County, Washington",7.6,9.2,6.9,6.2,6.4,5.5,7.2,5.8,6.2,2.5,1.5,1.3,1.4,398,1945,630,1497,43.1,31.1,2591,56141,77014,1497,785,13.8,3.1,9.4,0,295300,82,29,96,229,173,148,89
1400000US53033020800,53033020800,"Census Tract 208, King County, Washington",4.4,6.3,5.6,7.1,6.8,8.2,6.1,9.5,7.7,4,3.8,3.2,3.6,230,1986,574,1743,23.9,60.5,3065,82344,111162,1743,419,15.3,9.3,3.8,0,416700,0,0,45,213,94,319,144
1400000US53033020900,53033020900,"Census Tract 209, King County, Washington",4.5,10.9,6.4,6.9,6.7,10,8.4,5.9,6.9,2,2.9,3,3.8,280,1906,568,1392,17.2,50.8,2382,63819,82353,1392,447,9.2,7.4,5.4,0,377500,7,132,65,139,95,301,79
1400000US53033021000,53033021000,"Census Tract 210, King County, Washington",9.3,8.5,6.8,4.6,4.5,5,9.2,10.6,2.8,3.4,1.5,3.7,5.5,373,3094,709,2178,49.2,36,3824,74048,83516,2178,665,7.5,11.1,7.5,1.2,343300,51,92,14,24,122,369,99
1400000US53033021100,53033021100,"Census Tract 211, King County, Washington",9.5,9.6,6,8,7.5,8.1,8.8,6.8,3.7,2.5,2.3,1.4,2.2,351,2300,664,1578,40.1,32.4,2783,70137,80233,1578,712,16.2,4.8,3.9,0,295500,0,105,63,98,91,146,176
1400000US53033021300,53033021300,"Census Tract 213, King County, Washington",4.9,10.3,4.2,7.5,7.8,7.4,7,7.7,6.2,3.7,1.5,2.3,2.8,236,2087,857,1776,27.7,57.3,2818,67438,95972,1776,780,13.7,7.6,5.4,1.7,457700,108,35,53,245,203,152,115
1400000US53033021400,53033021400,"Census Tract 214, King County, Washington",4.5,6.5,8,5.3,6.5,8.7,7.5,11,7.3,4.6,1.3,1.6,1,221,1886,362,1438,20.3,53.8,2735,99861,115370,1438,211,15.2,10.4,3.3,8.1,421900,0,0,0,0,0,321,171
1400000US53033021500,53033021500,"Census Tract 215, King County, Washington",4.4,4.6,5.3,6.3,7.7,8.8,11.4,7.5,6.3,4.3,4.4,1.9,1.7,210,2455,358,1723,29.3,59.9,3239,108750,123839,1723,217,0,31.8,23,0,455900,0,29,0,22,0,343,100
1400000US53033021600,53033021600,"Census Tract 216, King County, Washington",5.7,7.7,6.6,6.7,5.2,7.5,9.9,6.7,5.4,3,4.3,0.9,1.6,149,2509,469,1749,32.6,46.6,3296,96066,104800,1749,486,15.8,22.2,4.1,0,395600,171,34,99,95,7,203,182
1400000US53033021700,53033021700,"Census Tract 217, King County, Washington",7,9.3,8.4,7.8,5.8,8.2,5.8,3.7,4.1,2,1.5,0.9,1.8,471,4216,1266,3370,34.1,45.5,4862,73456,94344,3370,1389,14,12.8,3.5,0,368100,84,123,470,514,370,335,273
1400000US53033021802,53033021802,"Census Tract 218.02, King County, Washington",4,6.9,12,7.5,9.5,7.5,5.6,4.1,4,2.5,0,0,1.1,137,2918,802,2224,29.4,50.4,3528,87922,117649,2224,837,13,14.1,13.3,0,385100,0,130,393,0,38,294,70
1400000US53033021803,53033021803,"Census Tract 218.03, King County, Washington",5.9,5,7.1,9.8,6.3,7.6,7.6,8.2,6.4,4,1.2,1,0.9,174,2312,651,1927,22.6,44.9,2969,74856,94342,1927,767,11.1,3.4,4.3,1.6,381700,117,224,213,221,62,324,78
1400000US53033021804,53033021804,"Census Tract 218.04, King County, Washington",7.5,8.5,6.3,6.3,6.3,5.8,6,6.4,3,3.2,1.6,1.6,2.3,132,2242,544,1645,22.4,40.8,2872,72422,95508,1645,570,19.3,18.9,2.1,3,379600,35,149,208,99,73,354,100
1400000US53033021903,53033021903,"Census Tract 219.03, King County, Washington",10.6,7.4,5.5,6.2,5.5,7.2,3.8,6.4,6.8,2.5,2.2,2.4,3.6,293,2816,1137,2376,50,45.8,4235,71417,91343,2376,853,10.2,17.7,4.7,0,400700,94,129,522,178,295,254,99
1400000US53033021904,53033021904,"Census Tract 219.04, King County, Washington",6.7,8.4,8.7,8.4,7.3,7.5,7.3,4,4.3,1.6,2.1,0.8,0.9,251,2740,459,1774,42.9,43.2,3464,89615,101927,1774,578,3.5,22,0,1.4,401200,55,201,128,27,54,313,101
1400000US53033021905,53033021905,"Census Tract 219.05, King County, Washington",9.5,9.5,11.9,5.1,9.1,7.1,6.6,6,4.7,3.2,1.5,1.1,1.5,339,3231,653,2196,15,50.1,3565,92614,107926,2196,353,4.5,8.5,24.1,0,289300,191,331,80,74,67,332,88
1400000US53033021906,53033021906,"Census Tract 219.06, King County, Washington",5.8,6,7,8.3,9.8,8.5,4.4,5.8,4.5,1.5,1.2,0.6,2.1,100,2110,497,1602,34.1,48.6,2737,81250,115307,1602,416,37.3,1.7,3.8,0,358800,47,184,178,90,75,196,67
1400000US53033022001,53033022001,"Census Tract 220.01, King County, Washington",6.8,4.5,4.9,9.1,7.4,4.3,9.3,3.8,3.7,2.9,2.1,3.5,9.9,79,2433,870,2179,30.5,46.8,3295,70591,107263,2179,1003,23.5,11.6,6.6,2.9,391300,53,132,101,102,568,201,188
1400000US53033022003,53033022003,"Census Tract 220.03, King County, Washington",11.2,8.1,7.2,9.2,5.4,8.2,6.9,5.6,4.2,3.4,1.8,0.7,0.2,268,2726,697,1939,34.5,42.4,3693,75662,89808,1939,600,5.2,26.2,8.2,1,357900,89,103,91,21,71,323,131
1400000US53033022005,53033022005,"Census Tract 220.05, King County, Washington",14.3,14.8,7.5,10.5,5.4,5.7,6.4,3.1,3.8,2.4,1.1,0.3,1.4,329,3089,957,2184,54.6,54.9,3301,90900,108621,2184,923,2.2,9.2,16.9,1.8,260000,165,413,166,70,155,176,63
1400000US53033022006,53033022006,"Census Tract 220.06, King County, Washington",6.7,8.7,7.2,8.4,8.8,8,7.2,3.3,5,3.1,3.7,1.2,3.9,151,1964,787,1700,38.4,46.9,2673,81056,100304,1700,628,9.9,21.7,2.7,0,364900,249,276,133,174,42,158,31
1400000US53033022101,53033022101,"Census Tract 221.01, King County, Washington",4.3,5.8,7.8,6.6,6.4,7.3,9.4,7.8,6.4,3.5,2.6,2.7,1.3,200,2302,477,1761,28.8,57.6,3266,100168,105395,1761,298,2.7,5,7.4,3.7,419900,56,64,21,118,31,321,119
1400000US53033022102,53033022102,"Census Tract 221.02, King County, Washington",6.6,4.4,7.3,10.2,9.3,8.4,5.6,6.3,3.4,2.5,1.7,0.8,0.3,171,2963,665,2294,24.4,62.6,3875,96863,116120,2294,423,32.4,2.6,10.4,0,427000,47,91,225,0,74,425,165
1400000US53033022201,53033022201,"Census Tract 222.01, King County, Washington",9.4,12.9,5.1,6.8,6,9.4,7,5.2,4.1,3.3,1.6,1.1,1,303,2367,574,1714,22.7,42.4,2902,78409,95270,1714,540,15.9,7.8,9.3,0,354200,108,117,73,18,81,287,146
1400000US53033022202,53033022202,"Census Tract 222.02, King County, Washington",11.1,9.3,8,5.8,8.8,7.8,6.1,6,4.6,2.3,1.5,0.7,1.1,407,4589,1253,3288,21.6,53.7,5500,82009,106691,3288,1483,11.6,6.9,8,0,352500,82,418,366,166,557,495,150
1400000US53033022203,53033022203,"Census Tract 222.03, King County, Washington",6.3,5.7,5.3,9.4,7.8,13.1,8.8,6.9,3.4,2.8,2.1,1.4,0,207,2678,420,1860,30.2,59.7,3474,121759,141442,1860,368,0,13.3,7.9,7.1,503100,55,75,81,55,0,503,128
1400000US53033022300,53033022300,"Census Tract 223, King County, Washington",1.7,4.7,6.3,5.9,8.1,14.1,9.1,9.2,9.5,3.8,3.2,0.6,1.1,96,1302,171,1009,38.8,72.6,2065,113958,136250,1009,26,0,0,26.9,0,625900,0,0,0,0,0,190,97
1400000US53033022400,53033022400,"Census Tract 224, King County, Washington",7.2,9.9,9.5,8.1,6.7,8.1,8.1,4.2,3,3.9,1.6,0.3,0.5,295,4702,1166,3788,15.1,74.2,5151,111754,146484,3788,1498,2.3,11.3,6.1,0,676800,89,92,372,392,338,348,116
1400000US53033022500,53033022500,"Census Tract 225, King County, Washington",7.2,6.1,9.5,8.5,7.5,6.2,10.2,7.4,4,4.1,1.6,2.1,3.2,453,3984,1940,3770,32.1,68.5,5933,100584,136831,3770,1524,6.5,13.1,0,1,536100,110,428,399,611,793,216,44
1400000US53033022603,53033022603,"Census Tract 226.03, King County, Washington",10.8,14,7.8,7.7,8.4,5.9,4.6,4.2,4.9,2.2,2.7,1.4,0.2,203,3090,844,2272,34.2,51.8,3682,104382,117712,2272,813,8.7,10.6,5,0,432300,136,206,186,113,185,283,100
1400000US53033022604,53033022604,"Census Tract 226.04, King County, Washington",7.4,8.5,6.5,8.3,9,8.7,8.3,3.9,2.7,1.8,1.7,1.8,1.1,186,2393,428,1736,35.1,56.4,2646,94222,106736,1736,458,3.3,11.8,11.6,3.1,468500,22,18,76,38,17,213,154
1400000US53033022605,53033022605,"Census Tract 226.05, King County, Washington",15,14,7.8,8.6,4.2,6.3,4.5,3.4,1.2,1,0.9,1,0.4,256,3354,1270,2538,42.3,47.2,3766,68636,87379,2538,1655,11.8,16.8,9.9,0,368500,223,593,467,131,172,212,63
1400000US53033022606,53033022606,"Census Tract 226.06, King County, Washington",8.5,9.7,9.5,8,6.6,6.9,8.1,6.2,4,3.5,3.1,0.5,1.8,167,3172,694,2339,29.1,56.8,3738,104072,122464,2339,651,24.3,12.7,2.2,0,429300,111,162,90,247,124,305,257
1400000US53033022701,53033022701,"Census Tract 227.01, King County, Washington",8.1,4.7,10.4,8.7,5.5,5.1,10,7.1,5.9,5.3,1.6,3.5,4,119,1347,862,1403,48.1,68.7,2167,103292,153625,1403,789,5.3,4.8,7.6,2,641600,25,170,362,375,237,114,14
1400000US53033022702,53033022702,"Census Tract 227.02, King County, Washington",6.3,4.9,6.2,4,5.8,9.6,9.4,5.8,6.6,2.4,2.5,0.9,1.1,164,1873,354,1385,36,67.4,2233,123221,141205,1385,326,13.8,4,9.2,0,726400,62,75,134,45,10,251,37
1400000US53033022703,53033022703,"Census Tract 227.03, King County, Washington",5.4,7.5,8.4,6,7.2,9,7.6,4.3,5.6,3.1,1.8,1.6,3.1,84,1143,187,833,26.8,61.7,1715,101250,117500,833,253,3.6,9.1,23.3,2.8,620900,67,47,25,0,7,167,37
1400000US53033022801,53033022801,"Census Tract 228.01, King County, Washington",15.9,15.9,8.8,5.1,5.8,3.6,6.4,4.7,3.8,1.6,2,1.3,0.6,799,4554,1551,3802,65.3,76.7,6367,88160,100485,3802,2448,7.3,3.8,7,0,576100,407,940,694,490,337,275,105
1400000US53033022802,53033022802,"Census Tract 228.02, King County, Washington",8.5,11,8.1,9.2,7.1,4.9,4.4,6,6.1,1.9,1.9,1.3,0.4,232,2363,749,2046,39.6,65.2,3367,101184,133417,2046,639,8.8,4.2,10,4.5,453100,73,175,243,37,98,199,86
1400000US53033022803,53033022803,"Census Tract 228.03, King County, Washington",13.2,15.6,13.8,6.3,4.8,3.7,2.4,4.3,2.5,1.5,2.8,0.5,0.8,505,2800,823,2165,42.9,74.4,3850,96908,111111,2165,1576,12.2,8.1,0,5.6,654900,133,511,272,164,478,144,92
1400000US53033022901,53033022901,"Census Tract 229.01, King County, Washington",5.8,4.8,9.9,3.7,7.8,8.2,4,8.5,5.7,5.7,3.3,3.5,3.2,106,1352,211,996,18.9,63.4,2362,123000,137663,996,202,0,5.4,0,0,488000,0,0,0,0,0,169,63
1400000US53033022902,53033022902,"Census Tract 229.02, King County, Washington",6.6,12.3,5.8,8.1,8.5,6.6,4.3,4.1,7,1.7,2.9,1,2.3,78,2955,579,2347,27.2,73,4345,120731,143934,2347,720,4,1.4,9.4,1.5,589700,133,163,100,271,119,355,173
1400000US53033023000,53033023000,"Census Tract 230, King County, Washington",4,2.2,5.9,11,12.2,8.8,6.2,5,5.6,4.3,4.1,3.4,1.8,216,2492,376,1827,14.3,56.5,3709,104013,111597,1827,185,0,25.4,0,10.8,533200,0,0,0,11,0,379,104
1400000US53033023100,53033023100,"Census Tract 231, King County, Washington",6.8,6.3,7.1,7.7,9.9,5.5,4.9,4.1,5.2,6.1,3.5,1.7,2.2,220,1934,343,1374,24.6,56.5,2732,92283,97196,1374,347,14.7,10.1,11,2.3,537600,62,46,10,0,0,233,79
1400000US53033023201,53033023201,"Census Tract 232.01, King County, Washington",18.6,17.6,9.2,4.5,5,3,3.8,3.3,2.8,1.5,2,1.9,3,1054,3613,1065,2577,50.6,72,4214,78119,79394,2577,1804,5.3,11,9,0.8,391900,86,396,629,751,171,137,63
1400000US53033023202,53033023202,"Census Tract 232.02, King County, Washington",8.8,13.4,8.5,5.3,5.8,7.5,5.2,3.4,2.7,1.7,2.1,1.7,4.1,306,2379,861,1791,41.4,39.7,2861,46719,62183,1791,1247,15,19.6,3.4,0,350000,227,311,277,256,302,102,54
1400000US53033023300,53033023300,"Census Tract 233, King County, Washington",5.1,6.8,6.8,11.2,6.9,7,7.9,6.6,2.8,2.5,2.6,3.8,2.3,395,3239,668,2266,22.9,49.2,4149,76500,88202,2266,522,18.4,0,10.5,12.1,403900,85,13,113,8,0,500,184
1400000US53033023401,53033023401,"Census Tract 234.01, King County, Washington",6,10.8,9.4,5.6,11.3,6.2,5.8,4.2,3,3.4,2.2,2.1,2.7,149,1712,583,1480,50.2,64,2298,71269,95179,1480,649,4.5,5.9,3.2,1.8,398100,60,189,64,59,128,171,49
1400000US53033023403,53033023403,"Census Tract 234.03, King County, Washington",4.4,5.7,9.6,5.2,8.3,9.1,8.1,6.6,5.8,5.1,3.6,1.9,1.8,167,1935,435,1580,23.8,58.8,2877,93387,122443,1580,375,7.2,0,9.9,4,546400,8,107,110,37,18,277,83
1400000US53033023404,53033023404,"Census Tract 234.04, King County, Washington",5.2,4.5,7.9,7.7,9.3,11.2,6,6.2,5.9,1.9,1.7,0,0,113,1926,211,1151,17.2,74.1,2231,146875,152138,1151,155,0,4.5,0,5.8,560700,7,125,66,5,0,326,109
1400000US53033023500,53033023500,"Census Tract 235, King County, Washington",5.6,4.8,6.9,8,7.4,11.6,7.8,3.5,3.1,3.8,4,2.7,2.7,106,1691,427,1417,19.8,62.8,2543,110568,130039,1417,318,5,16.4,2.2,1.6,591600,136,99,76,13,8,161,133
1400000US53033023601,53033023601,"Census Tract 236.01, King County, Washington",7.2,7.4,8.5,10.2,7.6,4.1,7.4,5.2,4,4,2.3,1.8,2.5,217,2016,681,1705,29.2,64.9,2575,78155,102946,1705,808,15.3,9,4.7,4,461000,70,209,260,223,124,102,33
1400000US53033023603,53033023603,"Census Tract 236.03, King County, Washington",15.9,12.4,10.2,4.8,4.2,3.8,5.2,3.1,2.3,2.8,1.7,1.4,1.3,702,3459,811,2399,59.4,59.8,3934,87236,87500,2399,1753,4.1,3.6,3.7,0,554400,570,618,173,267,205,105,185
1400000US53033023604,53033023604,"Census Tract 236.04, King County, Washington",10.4,7.2,6.8,8.3,4.9,4.2,6.7,5,2.1,2.8,3,2.1,4.3,533,3176,1015,2457,33.3,50.2,4003,72383,78636,2457,1462,8.5,13.1,8.9,1,463700,449,212,378,178,425,340,69
1400000US53033023700,53033023700,"Census Tract 237, King County, Washington",6.5,7.3,9.7,6.9,5.9,6.6,9.2,4,3.8,4.8,3.3,0.6,0.8,239,2267,540,1701,40,71.3,2713,96268,126641,1701,570,7.9,7.5,11.1,0,661400,88,211,118,128,58,189,58
1400000US53033023801,53033023801,"Census Tract 238.01, King County, Washington",11.1,7.9,11.3,9.9,10,4.7,7.3,3.8,1.9,2.2,1.7,2.5,2.3,102,1287,577,1144,50.7,66.4,2053,97674,102583,1144,594,8.4,16.7,1.7,0,542800,147,207,151,79,109,99,0
1400000US53033023803,53033023803,"Census Tract 238.03, King County, Washington",19.3,22,4.4,3.9,4.1,5.1,4.5,2.8,3.2,1.3,1.7,1.5,9.3,339,2603,1623,2815,74.3,76.1,1870,96975,103456,2815,2523,7.2,3.7,8,7.4,383100,18,16,50,255,3069,17,0
1400000US53033023804,53033023804,"Census Tract 238.04, King County, Washington",14.9,17.3,10.4,5.5,5.2,8.6,4.5,3.2,3.9,1.1,3.4,1.9,2.9,287,4003,2468,3928,74,69.8,2428,89479,115685,3928,2876,5.8,9.2,7,5.8,441900,0,79,69,295,3966,63,18
1400000US53033023900,53033023900,"Census Tract 239, King County, Washington",8.1,4.9,5.8,7.3,9.3,6.8,7.7,5.2,4.5,4,4,3.3,1.7,404,3253,941,2794,22.7,67.5,4801,117308,162260,2794,887,5.4,15,1.8,1.9,857500,97,142,212,330,61,375,147
1400000US53033024000,53033024000,"Census Tract 240, King County, Washington",8.2,5.9,10.9,6.6,6,8.9,6.1,5.9,4.8,3.3,3.3,1.6,2,314,3694,1450,3377,29.7,72,4995,107479,143447,3377,1493,12.7,9.4,3.5,3.8,807500,197,576,105,361,161,440,101
1400000US53033024100,53033024100,"Census Tract 241, King County, Washington",1,2.9,4.2,5.7,9.5,10.4,7.5,6.5,6.9,3.3,3.7,2.9,2.6,99,1983,227,1684,13.3,77.3,2751,189231,213309,1684,132,0.8,8.3,6.1,20.5,1527900,0,0,0,0,0,501,192
1400000US53033024200,53033024200,"Census Tract 242, King County, Washington",0.4,0.1,3.9,8.7,8.7,8.3,7.9,7.7,6.8,3.1,3.9,2.1,2.3,39,1043,182,1082,6.9,82.2,1908,175625,209643,1082,86,0,7,0,33.7,1555600,0,0,0,0,0,294,141
1400000US53033024300,53033024300,"Census Tract 243, King County, Washington",6,7.2,6.3,6.4,7.8,4.8,8.9,6.3,5.5,3.3,3.4,2.1,6,343,3623,1556,3725,23.7,74,4900,103178,127083,3725,1521,10.3,4.4,2.1,2.2,768200,72,253,215,502,1014,399,146
1400000US53033024400,53033024400,"Census Tract 244, King County, Washington",7.9,6.8,6.4,7.7,7.5,7.5,5.1,4.3,4.3,3.1,4.7,4.4,6.7,136,1217,609,1271,28.3,69.5,2278,69583,102333,1271,828,8,11.2,17.6,1.1,738100,9,247,326,228,173,122,33
1400000US53033024500,53033024500,"Census Tract 245, King County, Washington",1.8,1.7,6,5.3,8,11,10,5.8,6.8,4,3,2.6,2.1,143,2280,208,1712,11.5,79.7,3321,167361,186500,1712,246,8.9,0,7.7,4.1,921000,9,0,0,0,0,392,89
1400000US53033024601,53033024601,"Census Tract 246.01, King County, Washington",2.9,2.6,5.5,5.6,8.4,7.3,8.7,8.6,5.1,5.8,3.6,2.7,3.3,73,1835,196,1616,20.2,81.8,3061,175132,183636,1616,66,0,0,0,0,945800,0,0,0,10,0,429,113
1400000US53033024602,53033024602,"Census Tract 246.02, King County, Washington",1.7,0.7,6,7.4,7.9,8.6,7.7,10.7,5.5,5.4,1.7,1.9,1.2,74,1473,127,1259,9.4,81.2,2476,195156,202895,1259,27,0,0,0,0,976400,0,0,0,0,0,347,101
1400000US53033024701,53033024701,"Census Tract 247.01, King County, Washington",5.9,5.3,5.7,7,9.3,9.1,7.4,3.7,2.4,3.8,3.1,0.7,2.9,168,1933,415,1416,18.1,55.4,2313,83712,84583,1416,463,12.1,8.6,9.9,0,448200,81,84,43,92,85,175,92
1400000US53033024702,53033024702,"Census Tract 247.02, King County, Washington",4.6,6.8,6.7,5.8,8.3,9.2,9.5,5.1,4.5,4.7,3.9,1.4,0.7,252,4016,723,2885,27.5,56,4842,106941,122900,2885,570,6.8,12.8,6,3.2,472500,56,110,160,16,98,600,226
1400000US53033024800,53033024800,"Census Tract 248, King County, Washington",7.4,9.3,6.2,7.3,8.7,7.8,6.2,4,3.3,2.5,2.2,2.8,2.2,278,2688,802,2123,29.8,41.6,3925,68042,73598,2123,953,12.3,9.9,14,3.3,373300,188,76,393,181,116,306,122
1400000US53033024901,53033024901,"Census Tract 249.01, King County, Washington",3.2,3.7,4.2,8.5,7.4,10.5,10.3,5.8,6.5,3.7,3.1,2.4,1.2,173,2152,212,1745,22.3,69.2,3652,135625,139279,1745,130,7.7,0,7.7,19.2,744000,0,7,0,32,10,439,69
1400000US53033024902,53033024902,"Census Tract 249.02, King County, Washington",5.1,5,6.8,9.9,8.9,6.7,8.2,7.3,4.1,3.3,1.5,2.3,0.7,98,1898,334,1352,24.6,68.9,2732,102616,125778,1352,264,9.8,12.9,16.3,6.1,610100,7,91,0,0,0,228,90
1400000US53033024903,53033024903,"Census Tract 249.03, King County, Washington",2.8,3.2,4.9,6.8,7.2,12.9,10.1,6.1,6.6,2.6,1,0.8,0.5,282,3444,186,2224,10.1,73.3,4316,152458,154667,2224,210,0,0,0,36.2,698700,30,7,0,0,13,588,191
1400000US53033025001,53033025001,"Census Tract 250.01, King County, Washington",6.1,4.6,8.5,6.8,10.6,8.4,6.2,6.3,4.1,3.1,3.6,2.2,2.4,163,2495,454,1759,25.7,56.1,3297,110114,123140,1759,300,9.7,7.7,8.7,6,485500,10,64,78,0,43,289,171
1400000US53033025003,53033025003,"Census Tract 250.03, King County, Washington",7.3,3.2,8.2,5.7,8.8,9.3,6.1,10.1,3.1,4.2,3.1,0,0.5,180,3254,503,2549,14.5,63.9,4881,126089,152500,2549,756,5.2,9.4,6.9,0,786000,92,298,284,94,131,578,187
1400000US53033025005,53033025005,"Census Tract 250.05, King County, Washington",5.3,6.3,10.8,10.9,8.2,7.7,7.2,3.9,3.4,2.7,0.9,0.4,2.6,89,2439,622,1863,29.7,62,3005,103229,159958,1863,531,22.2,4.3,4,0,648200,22,42,235,343,164,332,88
1400000US53033025006,53033025006,"Census Tract 250.06, King County, Washington",4,10.6,8.6,8.5,5.5,8.4,3.5,4.2,3.8,1.6,1.1,2,2.4,119,3190,471,2139,36.3,71.8,3210,148750,172667,2139,603,19.4,5,6.6,4.3,610200,39,48,149,176,231,384,64
1400000US53033025101,53033025101,"Census Tract 251.01, King County, Washington",5.6,7.5,12,6.4,5.7,10.1,6.8,5.1,4.1,1.7,1.7,1.5,0.5,57,2797,660,2068,17.9,47,3674,81676,105563,2068,675,18.8,0,4.3,0,382400,147,235,109,14,113,393,153
1400000US53033025102,53033025102,"Census Tract 251.02, King County, Washington",5.6,11.7,8.7,8.4,6.3,8.3,2.8,4.7,4.3,1.4,1.9,0.5,1,209,3899,644,2745,42.9,46.7,4493,104469,115532,2745,778,13.2,5.9,6.8,0,379300,52,61,258,83,74,372,212
1400000US53033025200,53033025200,"Census Tract 252, King County, Washington",8.1,9.7,8.5,8.2,8.1,7.4,6.4,5.5,2.6,3,2.1,1.1,2.5,246,4265,1074,3228,30.5,35,5435,75109,79327,3228,1143,8.1,3.5,4.5,0,313200,256,181,108,24,104,579,173
1400000US53033025301,53033025301,"Census Tract 253.01, King County, Washington",13.3,6.2,7.5,8.6,10.2,10.1,5.8,5.1,5.9,2.4,1.1,1.7,1.4,148,3413,1436,2706,22.7,39.7,3064,77278,84479,2706,1762,9.6,12,11,2.7,416200,0,341,116,122,1023,436,189
1400000US53033025302,53033025302,"Census Tract 253.02, King County, Washington",9.8,8.5,5.8,5.5,6.6,11,3.3,4.6,3.6,2.2,0.4,3.4,6.5,554,2506,1758,2614,27.8,29.2,3423,34471,47100,2614,2326,15.3,6.2,1.1,2.3,170700,279,198,48,351,1299,103,35
1400000US53033025400,53033025400,"Census Tract 254, King County, Washington",14.3,10.2,8.1,6.3,8.3,4.3,5.9,5.2,2.1,0.6,0.7,0.8,1.3,466,3946,1437,2942,23.6,21.1,4207,47773,50819,2942,2098,18.6,11.2,5.3,0,231100,188,268,463,485,358,260,76
1400000US53033025500,53033025500,"Census Tract 255, King County, Washington",9.7,8,10.4,8.5,9.2,7.4,5.3,2.7,2.4,2.6,0.6,1.5,2.5,157,2835,895,1982,28.7,27,3216,57246,57795,1982,1141,16.3,9.3,7.2,1,247100,132,61,236,222,195,347,52
1400000US53033025601,53033025601,"Census Tract 256.01, King County, Washington",8.9,7.5,9.7,8.4,6.4,5,10.1,7,1.3,2.7,1.9,0.8,0.9,201,2825,826,1998,26.5,31.4,3370,60833,70938,1998,727,12.5,7.2,8.1,0,318100,11,0,30,356,83,258,81
1400000US53033025602,53033025602,"Census Tract 256.02, King County, Washington",5.7,7.2,7.9,9.9,6,6.6,7.2,3.7,3.8,2,3.2,1.4,1.6,134,3366,432,2026,40.6,43.4,3673,105446,115650,2026,124,8.9,8.1,8.1,0,365500,0,0,0,11,0,390,208
1400000US53033025701,53033025701,"Census Tract 257.01, King County, Washington",9.8,8.8,6.4,6.8,8.7,4.9,4.6,6.7,3.4,2.6,3,1.4,2.2,159,2931,1325,2684,31.8,34.6,3905,47219,58760,2684,1743,15,10.7,4.2,0,213300,237,809,476,114,394,331,5
1400000US53033025702,53033025702,"Census Tract 257.02, King County, Washington",7.2,8.9,7.1,6,6.9,7.6,7.8,9,4.9,2.1,1.9,0.9,2.1,48,1769,271,1270,37.1,33.6,2252,85758,89977,1270,309,3.9,10,16.8,0,286000,0,8,55,18,45,352,194
1400000US53033025803,53033025803,"Census Tract 258.03, King County, Washington",9.2,8.2,6.6,8.1,4.2,6.3,5.6,4.1,1.8,1.8,1.5,1.4,1.6,159,2330,687,1727,15.9,22.3,2654,50750,57688,1727,843,30.1,14.7,9.4,0,201600,16,116,640,65,41,259,80
1400000US53033025804,53033025804,"Census Tract 258.04, King County, Washington",7.1,8.3,5.8,6.7,5.7,7.5,5.9,5.1,3.3,6.5,2,1.2,2.7,117,1965,252,1206,26.1,31,2469,71225,83140,1206,169,0,23.1,16.6,0,253100,36,0,0,0,0,311,94
1400000US53033025805,53033025805,"Census Tract 258.05, King County, Washington",10.2,6.7,12.5,8.6,5.1,6.4,6.3,4.1,2.3,1.8,3.9,2.5,0.6,216,2543,568,1804,47.7,18.8,2601,58309,60061,1804,854,20.4,11.7,20.3,0,184400,42,273,373,157,89,278,135
1400000US53033025806,53033025806,"Census Tract 258.06, King County, Washington",12.7,5.8,9.6,7.3,6.2,7.9,5.7,5.1,3.3,1.9,1.7,1.6,1.5,247,2406,457,1695,38.8,37.9,3098,77821,91389,1695,755,21.7,11,2.3,3.4,305100,55,97,70,199,130,334,115
1400000US53033026001,53033026001,"Census Tract 260.01, King County, Washington",8.5,6.1,7.1,6.4,5.1,7.8,7.8,7.9,4.2,5,1.8,1.9,4.4,194,2822,478,2043,42.1,41.3,3640,73750,83219,2043,488,14.1,16.6,3.9,2,324700,21,0,0,0,0,489,144
1400000US53033026002,53033026002,"Census Tract 260.02, King County, Washington",6.1,9.7,7.6,8.5,5.1,3.7,6,4.7,3,1.3,1.3,2.4,1.8,488,4345,1018,3094,30,26.5,4356,51154,50909,3094,1686,26,10.4,0.7,0,282500,95,127,345,750,331,424,157
1400000US53033026100,53033026100,"Census Tract 261, King County, Washington",10.1,5.8,4.7,4.7,7.9,9,5.9,5.2,3.5,4.6,2.3,1.7,2.2,172,2880,1053,2528,8.3,10.6,3971,46826,47281,2528,1392,18.5,5.7,1.1,2.8,227400,283,286,377,121,79,210,141
1400000US53033026200,53033026200,"Census Tract 262, King County, Washington",12,6.8,6.7,8.6,6.7,5.6,9.8,3.9,2,2.4,1.4,1.2,0.7,215,3023,1141,2363,48.2,29,3605,46535,65265,2363,1640,10,13.8,1.6,1,251900,191,233,359,670,229,117,106
1400000US53033026300,53033026300,"Census Tract 263, King County, Washington",6.9,6.1,5.7,9.7,5.6,6.3,7.8,5,4.5,2,3.7,0.7,2.8,61,737,215,561,9.8,15.6,988,55110,75667,561,189,6.3,30.2,5.3,0,246800,36,14,0,11,54,52,77
1400000US53033026400,53033026400,"Census Tract 264, King County, Washington",12.8,4.4,7.2,7.4,5.6,7,6.8,3.5,2.8,1.9,3,0.9,1.8,264,2850,1129,2386,44,15,4563,43487,47720,2386,1375,20.9,4,0,0,216300,114,312,311,395,212,278,60
1400000US53033026500,53033026500,"Census Tract 265, King County, Washington",9.6,5.5,9.1,5.8,5.8,6,6.4,6.5,3.3,3.7,3.5,1.6,0.3,336,1770,474,1530,29.3,13.3,1941,29107,34800,1530,993,15.8,3.2,0,0,224800,253,128,76,71,93,128,65
1400000US53033026600,53033026600,"Census Tract 266, King County, Washington",7.9,7.7,6.7,12,5.2,10.7,4.8,5,2.2,1.4,1.2,0.7,0.3,93,1371,217,853,27,23.4,1580,63799,62917,853,283,7.1,30.4,18,3.5,266000,42,14,60,0,0,231,60
1400000US53033026700,53033026700,"Census Tract 267, King County, Washington",7.6,4.5,6.8,7.2,11.2,6,7.8,5.5,5.2,5,2,0.9,2.1,350,2274,605,1983,9.6,33.8,3903,65660,76173,1983,595,5.2,18.8,0,0,334500,81,136,142,0,110,276,88
1400000US53033026801,53033026801,"Census Tract 268.01, King County, Washington",4.4,14,6.8,9.2,5.5,4.4,5.8,5.9,3.5,5.1,1.8,0.2,1.3,468,2835,945,2101,30.1,17.3,2895,36505,47500,2101,1268,31.2,3.4,0,0,227000,83,189,295,213,278,319,123
1400000US53033026802,53033026802,"Census Tract 268.02, King County, Washington",7.9,5.5,6.4,9.6,6.4,5.3,5.7,4.3,2.8,1.8,2.4,0.6,0.4,185,2171,436,1498,17.9,15.2,3319,41875,49731,1498,751,26.6,7.9,1.3,0,253700,224,25,119,193,62,237,128
1400000US53033027000,53033027000,"Census Tract 270, King County, Washington",7.6,7.5,6.7,6.6,3,10.4,7.5,6,3.6,4.2,0.6,1.9,2.1,119,1734,335,1130,17.7,20.5,2015,59417,67917,1130,320,17.8,2.8,7.8,0,228100,21,12,15,29,7,166,269
1400000US53033027100,53033027100,"Census Tract 271, King County, Washington",2.8,5.9,8.7,5.7,6.9,4.9,4,5.9,5.9,2.5,2.2,3.2,2.8,159,1243,514,1214,30.2,16.3,2378,46250,55417,1214,777,22,10,6.7,0,254100,73,125,100,62,162,148,76
1400000US53033027200,53033027200,"Census Tract 272, King County, Washington",7.5,8.3,6.4,7.5,11,6.2,6.9,4.9,2.6,1.1,0.9,0.6,0.5,71,1121,295,875,51.1,21.9,1457,50083,64000,875,369,15.4,4.1,0,0,238100,27,21,38,59,6,94,89
1400000US53033027300,53033027300,"Census Tract 273, King County, Washington",11.9,7.4,8.6,6.2,5.7,7,5.4,3.5,4.7,1.5,1,1.8,0.6,488,2642,544,1922,33.7,18.9,3699,49023,48060,1922,1001,18.7,13.2,2.1,0,215600,124,78,118,168,212,283,172
1400000US53033027400,53033027400,"Census Tract 274, King County, Washington",7.4,7.5,9.4,7.6,7.7,7.5,5.2,3.7,4.2,3.2,2.2,0.9,1.9,125,2442,630,1713,27.1,19,3280,60536,67301,1713,520,20.2,12.5,1.7,0,236200,24,8,0,0,144,318,297
1400000US53033027500,53033027500,"Census Tract 275, King County, Washington",4.2,8.3,6.8,7.9,6,10.4,6.1,7.1,4.7,3.6,3.8,1,2.5,146,2199,665,1654,28.4,18.7,3259,56406,65417,1654,696,18.8,8.2,5.2,1,229900,54,96,87,73,120,233,131
1400000US53033027600,53033027600,"Census Tract 276, King County, Washington",8.3,8,7.1,6.4,5.8,7.6,5.4,4.7,2.6,2.3,1.7,1,0.9,256,2198,450,1688,33.1,29.9,2839,51944,46809,1688,882,42.9,13.8,0.9,0,410200,153,317,294,110,48,225,102
1400000US53033027701,53033027701,"Census Tract 277.01, King County, Washington",1.6,6.3,2.6,5.3,8.4,10,13.7,10.5,5.3,2.9,1.8,2.6,4.9,641,2989,1055,2579,15.8,55.9,3826,64007,92045,2579,804,7.6,17.8,0,0,403400,68,14,138,40,131,463,195
1400000US53033027702,53033027702,"Census Tract 277.02, King County, Washington",1.8,2.8,7.9,3.7,11.2,7.9,10.3,11.2,13.1,4.2,2.5,2.1,3.3,427,2211,843,2178,18.5,54.7,3829,81757,99572,2178,304,40.5,16.8,3.9,0,379500,0,0,15,0,10,406,143
1400000US53033027800,53033027800,"Census Tract 278, King County, Washington",3.4,2.7,4.9,5.1,5.1,11.6,9.9,9.5,7.9,5.9,4.1,5.3,3.2,65,1461,400,1351,18.7,50.7,2540,89185,100398,1351,130,11.5,9.2,6.2,0,409700,0,22,0,55,0,342,85
1400000US53033027900,53033027900,"Census Tract 279, King County, Washington",7,8.5,5.7,5.5,9.7,8.4,8.7,6.6,3.6,2.9,3.2,1.8,1.3,320,3976,1448,3099,38.3,27.3,4446,52425,66147,3099,1652,5,2.8,0.8,0,279200,242,312,184,335,217,348,75
1400000US53033028000,53033028000,"Census Tract 280, King County, Washington",8.6,7.7,6.9,7.9,8.1,5.4,3.6,2.9,1.4,3.9,0.9,1.6,1.1,188,1800,497,1437,25.3,10.1,2469,44127,47045,1437,1222,16.1,5.6,1.8,0,204700,10,239,542,259,281,62,48
1400000US53033028100,53033028100,"Census Tract 281, King County, Washington",8.7,7.3,7.6,10.7,3.5,8.9,7.1,3.5,3.6,2.2,1.3,0.8,3.1,162,1157,342,829,36.7,13,1372,45845,59688,829,547,19.2,0.4,0.9,0,240800,33,28,160,170,30,101,75
1400000US53033028200,53033028200,"Census Tract 282, King County, Washington",10.4,7,6.1,7.7,7.3,5,4.1,7.2,3.7,2.4,2.2,0.4,0.4,483,2538,955,1929,47.2,17.7,2527,41386,43796,1929,1318,13.9,9.1,0.7,0,234200,108,199,458,322,166,187,147
1400000US53033028300,53033028300,"Census Tract 283, King County, Washington",9.7,6.6,6.8,6.4,4.6,11.4,9.8,4.3,5.3,2.4,1,0.9,1.9,310,2770,782,1934,25.7,33.7,2868,78915,90833,1934,429,11.7,15.4,0,0,261300,49,187,91,0,62,361,256
1400000US53033028402,53033028402,"Census Tract 284.02, King County, Washington",10.3,8.2,6.9,5.7,7.4,8.4,4.3,5.4,4.1,2.6,1,0.7,1.1,225,2128,602,1702,42.7,15.1,3026,39756,45000,1702,959,26.1,11.4,2.8,0,235100,18,47,229,326,267,140,192
1400000US53033028403,53033028403,"Census Tract 284.03, King County, Washington",8.5,9.5,6.6,9,4.7,6.1,3.8,6.9,7.2,3.6,1.9,1.8,3.2,442,2327,1162,2326,52.6,12.3,3693,31356,44857,2326,1367,37.8,2.6,2.6,0,138500,72,80,482,275,295,176,9
1400000US53033028500,53033028500,"Census Tract 285, King County, Washington",7.5,5.6,6.8,8.5,9.5,9.9,5.4,1.5,4.9,2.1,2.3,2,0.4,168,1922,652,1631,19,20.8,2676,47560,66953,1631,799,26.4,10.6,0,0.9,260600,14,140,387,156,72,210,100
1400000US53033028600,53033028600,"Census Tract 286, King County, Washington",2.9,7.5,2.1,5.3,8.2,8.4,10.7,6.9,5.7,2.9,3.9,2.3,3.8,76,3223,931,2587,19.4,51.9,4686,88574,114111,2587,718,13.5,3.6,4.6,0,470300,156,66,58,162,232,532,387
1400000US53033028700,53033028700,"Census Tract 287, King County, Washington",5.8,6.2,5.7,5.5,10,6.6,7.2,6.5,4.4,3.8,2.3,2.4,1.9,98,2443,564,1840,9.3,25.7,3597,73841,82443,1840,237,29.5,27,0,0,264500,7,51,0,0,11,390,269
1400000US53033028801,53033028801,"Census Tract 288.01, King County, Washington",8.9,9.7,9.6,6.5,5.5,10.3,6.8,2.3,3,1.9,1.3,2.1,7,83,1047,346,774,19.7,21.8,2518,60948,74405,774,342,13.5,14.3,6.1,7.9,225200,10,19,15,17,188,115,137
1400000US53033028802,53033028802,"Census Tract 288.02, King County, Washington",9.2,11.9,7.9,5.6,6.1,3.5,6.4,4.5,4,1.4,0.5,1,0.4,414,3180,871,2319,40.5,19.7,3586,40590,39122,2319,1449,33.1,15.7,0,0,279300,272,331,291,326,34,222,166
1400000US53033028901,53033028901,"Census Tract 289.01, King County, Washington",10.9,7.6,3,6.2,7.8,8.2,6.7,7.5,4.5,3.3,2.6,3.3,3.3,220,1948,690,1556,29.6,25.3,2286,67500,80313,1556,719,2.5,7.5,10.8,3.2,285200,57,106,263,261,66,217,153
1400000US53033028902,53033028902,"Census Tract 289.02, King County, Washington",8.6,14.5,9.3,5.9,6.8,3.9,5,2.9,3.1,1.7,2.2,2.1,1.8,370,3080,938,2412,31.1,11.8,3875,41000,38110,2412,1618,12.2,5.7,4.4,0,194000,399,530,295,350,160,318,156
1400000US53033029001,53033029001,"Census Tract 290.01, King County, Washington",3.1,6.1,3.3,5.8,7.6,10.4,7.1,4.9,6.3,5.6,3.4,4,6.2,129,1976,787,1957,18.3,30,3738,58641,78462,1957,541,23.8,12.4,5,1.5,250300,43,43,164,132,272,308,173
1400000US53033029003,53033029003,"Census Tract 290.03, King County, Washington",14,8.2,5.3,5.9,5.9,9.3,5.4,5.4,0.9,1.8,0.6,1.2,1.5,266,2838,560,1920,24,16.1,3914,55747,60000,1920,1216,11.4,15,4.9,0,245500,248,138,372,133,133,412,112
1400000US53033029004,53033029004,"Census Tract 290.04, King County, Washington",7.4,7.5,8.1,4.5,7.4,3.2,4.2,5.6,2.1,1,0.7,0.8,0.6,229,1472,474,1257,28.2,9.7,2400,31783,32536,1257,840,21.3,1.7,2.4,0,153000,117,99,330,126,82,104,42
1400000US53033029101,53033029101,"Census Tract 291.01, King County, Washington",3.9,4.5,9.1,15.9,8.7,5,5.2,5.7,3.9,2.3,0.7,1.2,0.7,115,1569,493,1157,31.1,45.2,2059,74228,86563,1157,296,14.2,26.7,0,0,258700,50,166,63,78,19,179,57
1400000US53033029102,53033029102,"Census Tract 291.02, King County, Washington",7.7,5.6,6.8,10.7,5.8,11.2,3.9,4.7,4.3,2.2,2.1,1.9,2.1,65,1927,447,1348,25.4,18.4,2615,65174,77153,1348,420,16.7,22.6,4.8,0,232300,84,47,111,0,0,149,195
1400000US53033029203,53033029203,"Census Tract 292.03, King County, Washington",10.6,9.5,10.7,5.7,4.3,5,2.7,4.7,3,3.3,0.8,0.7,2.4,85,1066,556,1170,50,11.3,1691,33704,45185,1170,959,20.1,6.4,0,1.3,214500,92,255,149,110,188,51,46
1400000US53033029204,53033029204,"Census Tract 292.04, King County, Washington",6.8,7.6,6.6,5.3,6.4,8.8,5.7,4.4,2,1.3,2.2,0.9,0.5,262,3536,681,2478,29.9,27.7,3905,59591,66865,2478,1372,25.8,17.1,7.7,0,311900,112,369,613,141,51,327,221
1400000US53033029205,53033029205,"Census Tract 292.05, King County, Washington",12.1,8,7.6,6.7,8.8,2.6,7.6,3.8,2.7,3.8,2.4,0.9,1.2,204,2630,924,2106,3.2,25.3,3372,61304,76875,2106,960,11.8,12.4,1.3,0,183900,195,745,206,60,80,134,165
1400000US53033029206,53033029206,"Census Tract 292.06, King County, Washington",6.3,11.4,8.4,3.6,5.6,4.5,3.5,4.3,3.5,2.8,3.1,1.7,0.8,218,1936,959,1859,22.8,17.6,2482,29623,37103,1859,1525,20.2,8.7,0.6,0,251600,54,376,400,104,593,142,21
1400000US53033029303,53033029303,"Census Tract 293.03, King County, Washington",8.8,9.7,6.1,8.4,7.4,5.9,7.2,6.7,4.3,1.8,3.4,1.2,2.5,206,4041,1272,3076,13,35.1,4969,67727,78542,3076,1267,9.2,12.9,5.4,2.8,326100,300,423,116,16,134,328,170
1400000US53033029304,53033029304,"Census Tract 293.04, King County, Washington",5.2,8.4,7.3,7.4,6,12.9,6.1,4.6,4.6,3.1,1.7,1.4,0.5,164,2769,520,1857,29.7,34.5,2926,92829,100614,1857,472,6.4,4.2,7,0,295900,21,81,82,114,64,373,226
1400000US53033029305,53033029305,"Census Tract 293.05, King County, Washington",5.7,10.4,4.6,7.9,7.5,9.7,5.3,5.9,5,1.9,2.9,1.4,1.5,69,1925,326,1331,8.7,26.2,2385,76755,77428,1331,386,0,0,6,0,272900,228,21,0,20,0,214,98
1400000US53033029306,53033029306,"Census Tract 293.06, King County, Washington",7.4,6.9,7.6,6.6,6.9,8.2,7.6,4.8,3,2.8,3,2.8,2.1,104,1762,442,1246,32,28.9,2041,71029,89306,1246,349,17.8,5.2,15.5,3.4,281600,13,141,8,27,13,255,147
1400000US53033029307,53033029307,"Census Tract 293.07, King County, Washington",6.6,10.2,5.1,6.8,7.1,8.8,8.9,6.7,4.4,2.9,0.9,0.6,0.3,23,2196,200,1323,28.4,37.6,2435,94375,97284,1323,211,3.3,25.1,3.3,0,261200,0,0,0,0,8,426,170
1400000US53033029403,53033029403,"Census Tract 294.03, King County, Washington",9.5,3.8,6.6,9.1,9,6.5,6.2,5.8,4.7,2.6,2.2,0.8,1.3,243,2790,447,1857,22.9,24.3,3395,70114,80515,1857,566,23.9,12.4,9.4,4.9,263800,93,248,159,40,11,353,219
1400000US53033029405,53033029405,"Census Tract 294.05, King County, Washington",6.5,5.3,6.2,6.3,8.5,9.3,7.6,6.8,3.7,2.3,0.5,0.7,1.2,136,2746,204,1706,20.9,29.1,3666,83750,92000,1706,279,6.5,6.5,35.8,3.2,284100,0,0,0,0,0,452,268
1400000US53033029406,53033029406,"Census Tract 294.06, King County, Washington",5.5,7.7,6.9,9.1,6,7.2,6.4,5.9,5.7,3.4,0.8,0.5,0.6,189,2555,202,1589,18.8,36,2849,89792,89514,1589,360,20.3,14.4,15.8,1.4,220800,12,58,0,0,21,349,134
1400000US53033029407,53033029407,"Census Tract 294.07, King County, Washington",9.1,8.1,6.7,6.3,7.6,7.5,2.9,5.1,3,4.2,2.9,0.9,0.9,198,2047,453,1522,17.6,20.2,2902,46627,55551,1522,813,19.2,9,0,0,182800,197,227,239,117,95,197,85
1400000US53033029408,53033029408,"Census Tract 294.08, King County, Washington",11.3,6.9,6,4.5,10.1,4.1,5.2,4,2.2,2.6,2.4,1.9,0.8,109,2207,622,1603,34.2,12.7,2805,41651,46847,1603,909,21.3,24.2,0,0,269900,112,176,312,9,153,178,73
1400000US53033029502,53033029502,"Census Tract 295.02, King County, Washington",5.5,9.8,5,6.6,7.3,7.2,8,5.6,4.6,1.6,1.2,0.6,0.8,109,3378,363,2039,23.5,28.2,3744,76295,77313,2039,469,14.3,11.3,18.3,0,221200,23,0,58,0,0,486,155
1400000US53033029503,53033029503,"Census Tract 295.03, King County, Washington",12.4,10.8,5.7,5.8,2,4,5.2,5.1,1.4,0.4,1.3,0.9,0.8,455,3714,1114,2891,33.2,15.5,4500,33092,27296,2891,2269,27.8,7.4,0.6,0,219700,154,549,1034,474,316,180,112
1400000US53033029504,53033029504,"Census Tract 295.04, King County, Washington",4.5,9.8,7.6,6.6,6.3,7.6,5.7,2,2,2.6,0.2,0.8,2.2,146,2941,564,2175,29.9,15.4,2928,45329,44876,2175,1532,14.9,17.8,2.9,0,237500,195,481,364,184,147,297,148
1400000US53033029601,53033029601,"Census Tract 296.01, King County, Washington",6.1,4.4,7.9,7.5,8.1,5.6,7,3.4,4.3,2.5,0.5,0.7,0.3,209,2838,372,1966,23.8,17.5,4110,72635,70294,1966,611,11.8,11.8,0,2.6,326100,114,325,68,14,0,518,116
1400000US53033029602,53033029602,"Census Tract 296.02, King County, Washington",4.2,5,7,6.6,8.1,7.5,8,5,2.8,1.7,1.9,2.4,0.6,103,2632,278,1695,26.3,38.7,3267,96964,102292,1695,201,15.4,18.9,0,4,221400,0,0,0,0,0,449,291
1400000US53033029700,53033029700,"Census Tract 297, King County, Washington",9.5,9.7,4.3,9.4,3.5,5.6,5.6,7.2,4.4,3.4,1.3,1.4,3.4,134,2993,1248,2880,33.1,18.1,4703,40513,56373,2880,1571,27.7,11.3,2.7,0,245600,184,219,230,127,545,171,178
1400000US53033029801,53033029801,"Census Tract 298.01, King County, Washington",8.8,10.5,7,4.8,4.9,9.6,7.3,6.2,4.1,2,0.9,0.5,0.5,243,4145,1105,2955,7.6,29.3,4612,62788,68750,2955,1584,15.5,6.3,4,0,256400,196,371,573,238,210,413,342
1400000US53033029802,53033029802,"Census Tract 298.02, King County, Washington",9.2,5.2,5.9,7.1,10.4,7,9.1,4.1,4.7,2.4,3.7,2.4,0.2,439,4125,995,2979,14.7,24.9,5832,74350,79881,2979,656,11.4,20,10.8,0,260500,52,71,151,0,47,698,239
1400000US53033029901,53033029901,"Census Tract 299.01, King County, Washington",6.9,4.6,7.8,7.8,6.6,5.6,8.8,7.9,3.4,3.5,0.9,1.4,0,203,2223,362,1627,16.8,24.1,2886,68609,78693,1627,408,8.8,17.4,14.2,0,287300,80,31,0,0,0,297,184
1400000US53033029902,53033029902,"Census Tract 299.02, King County, Washington",2.4,4.4,7.9,6.7,8.2,10.7,9.3,6.5,5.8,2.6,2.7,0.5,1.1,72,2039,275,1472,23.7,27.5,2973,84816,90469,1472,161,4.3,15.5,5.6,0,277000,0,0,0,0,0,403,201
1400000US53033030003,53033030003,"Census Tract 300.03, King County, Washington",5.8,8.4,4.7,6.1,7.8,9.2,3.8,8.2,6.1,2.3,3.1,2.1,1.2,88,2938,803,2334,15.5,27.6,4109,61250,61291,2334,894,7.9,13.3,5.8,0,214200,85,87,292,142,103,369,179
1400000US53033030004,53033030004,"Census Tract 300.04, King County, Washington",9.5,10.1,5.4,7,7.6,4,6,4.9,3.1,1.9,0.2,0.3,0.4,387,4007,1191,2986,9.4,15.5,4255,42439,44047,2986,1998,16.8,12.1,0,0,186300,243,705,740,414,187,394,172
1400000US53033030005,53033030005,"Census Tract 300.05, King County, Washington",8.2,7.6,7.2,4,9.9,7.6,4.7,2.4,2.9,2.4,1.7,2.5,0.4,134,2460,564,1820,31.5,12.8,3235,48942,50698,1820,658,23.9,6.5,3.5,0,251000,117,83,186,15,0,321,127
1400000US53033030006,53033030006,"Census Tract 300.06, King County, Washington",4.7,8.1,6.8,5,5.9,6.9,4.3,9.1,4.1,4.2,3.4,2.3,3.3,233,1678,910,1642,12.3,15.5,2554,27635,30724,1642,1393,19.3,6.5,0,0,381200,122,349,429,93,487,115,15
1400000US53033030100,53033030100,"Census Tract 301, King County, Washington",4.4,3.2,4.7,7.5,5.8,6.9,10.3,9.6,7.1,4.2,4.3,3,0.9,273,3394,598,2910,7.5,41.7,4968,81458,95405,2910,557,21.5,14.9,0,0,211500,329,0,10,36,15,511,380
1400000US53033030201,53033030201,"Census Tract 302.01, King County, Washington",7.4,9.1,7.1,7.7,9.5,8.8,5.1,4.9,4.3,3.7,1.2,0.2,0.1,233,2548,757,2019,18.3,24,3476,51837,56900,2019,734,21.3,18.3,2.7,1.8,202600,298,141,77,11,147,413,104
1400000US53033030202,53033030202,"Census Tract 302.02, King County, Washington",5.6,5.9,5.4,5.7,7.6,9.6,5.2,3.7,4.2,2.7,3.8,1.9,3.4,304,2729,759,2357,18.8,19.8,3837,50226,55192,2357,1004,14.1,6.4,2.8,0,302300,133,150,245,190,115,370,163
1400000US53033030304,53033030304,"Census Tract 303.04, King County, Washington",6.4,5.2,5.6,8.7,8.6,8,9.1,6.9,2.7,1.7,2.2,0.6,0.9,100,1539,115,1023,28.7,32.1,2048,86198,90741,1023,186,12.4,2.2,14,0,270900,0,39,24,0,0,271,134
1400000US53033030305,53033030305,"Census Tract 303.05, King County, Washington",5.4,9.7,3.7,7,5.9,7.6,8.7,5.4,4.9,3.3,4.2,0.7,2.5,260,2516,622,2099,41.5,30.4,3356,71311,79867,2099,449,35.9,12.2,2,0,268500,250,80,109,0,68,347,69
1400000US53033030306,53033030306,"Census Tract 303.06, King County, Washington",7.8,5,4.9,6.3,5.9,10.8,7.8,10.2,4.3,3.1,2.2,0.3,0.9,162,2950,372,2002,27.4,29.4,3988,94677,101741,2002,343,18.7,8.7,1.7,0,278400,55,87,49,14,13,484,205
1400000US53033030308,53033030308,"Census Tract 303.08, King County, Washington",10.1,5.8,3.1,8.9,8.3,8.7,5.8,2.5,2.5,1.5,1,0.4,1,356,3785,478,2243,18,25.8,3881,57565,67173,2243,1167,21.1,12.7,7.5,0,274600,415,215,344,0,106,438,74
1400000US53033030309,53033030309,"Census Tract 303.09, King County, Washington",11.5,9.2,7,4.6,6.3,7.6,7.4,5.5,3.5,3.5,0.3,0.4,0.6,131,3387,843,2427,40,24.3,3471,61973,71875,2427,1580,16.5,11.3,0.6,0,288900,1210,408,287,28,130,340,111
1400000US53033030310,53033030310,"Census Tract 303.10, King County, Washington",4.6,3.8,7.7,7.4,6.4,10.5,8,4.7,2.8,1.1,0.7,1.3,4.3,73,2656,583,1906,13.1,29.3,3732,62237,78255,1906,874,12.5,9.2,14.3,0,216500,37,183,186,41,274,353,188
1400000US53033030311,53033030311,"Census Tract 303.11, King County, Washington",11.1,7.9,5.7,4.5,5.1,7.1,4.6,2.7,3,3.4,1.5,1,0.7,136,2458,361,1723,40.4,21.7,3313,71659,62171,1723,467,33.4,2.1,5.1,0,238200,53,80,148,0,0,410,124
1400000US53033030312,53033030312,"Census Tract 303.12, King County, Washington",9.2,5.2,8.7,6,7.3,7.6,4.8,5.9,3,2.2,0.6,0.5,1.1,262,2478,614,1793,23.5,20.2,2867,54413,71455,1793,840,25,16.2,1.9,0,60700,189,121,207,69,62,203,107
1400000US53033030313,53033030313,"Census Tract 303.13, King County, Washington",8.4,10.7,7.8,5.8,4.4,4.2,5.2,5.2,2.7,5,4.1,3.2,2.4,146,1679,768,1742,21.6,19.3,2431,40208,44800,1742,1123,20.8,5,1.8,0,157800,135,167,323,203,104,154,25
1400000US53033030314,53033030314,"Census Tract 303.14, King County, Washington",4.7,7.2,6.1,5.6,5.9,7,6.2,7.5,4.4,4,3.6,3,4.1,143,1799,868,1917,43.5,20.4,2895,44918,50721,1917,1157,16.9,4.7,1.1,0,262100,305,418,275,76,237,237,52
1400000US53033030401,53033030401,"Census Tract 304.01, King County, Washington",6.3,5,5.5,8.1,8.6,9.1,7.2,4.3,2,2.4,2.5,1.3,0.9,176,4165,743,3073,27.6,23.5,4905,73497,77667,3073,874,9.3,18.1,13.4,0,234700,136,194,109,19,121,816,384
1400000US53033030403,53033030403,"Census Tract 304.03, King County, Washington",3,6.6,4.8,7.2,7.1,7.9,11.1,7.7,4.8,4.7,1.6,3,1.7,145,2195,429,1660,18.2,33.8,3004,73917,82841,1660,131,0,31.3,6.1,0,273800,10,0,0,0,0,362,121
1400000US53033030404,53033030404,"Census Tract 304.04, King County, Washington",4.2,6.3,5.1,6.6,4.7,11.3,8.9,6.9,3.4,2.5,3.5,0.5,0.6,55,2269,310,1584,16.4,26.3,2619,68616,72308,1584,175,20,18.9,10.9,0,215500,0,0,5,0,0,389,197
1400000US53033030501,53033030501,"Census Tract 305.01, King County, Washington",6.3,6.9,8.7,3.5,5.5,5,10.1,8.6,5.2,8.2,3,5.4,2,69,627,581,925,23.8,13.9,1420,22775,41346,925,778,17.1,2.3,0.5,0,176800,104,75,43,106,353,52,26
1400000US53033030503,53033030503,"Census Tract 305.03, King County, Washington",6,11,6.1,5.3,4.5,7.1,5,3.9,2.3,3,2,2.4,2.9,226,2284,711,2096,21.4,18,2336,42900,55823,2096,1182,39.1,3.3,0,0,146100,367,115,316,88,261,158,31
1400000US53033030504,53033030504,"Census Tract 305.04, King County, Washington",8.6,5.7,5.2,7.1,5.5,7.6,8.1,6.6,4.5,3,4.7,2.1,3,121,1872,880,1889,3.4,15.3,2772,50396,59945,1889,952,6.6,11.7,0.4,0,186500,365,262,122,70,32,149,43
1400000US53033030600,53033030600,"Census Tract 306, King County, Washington",4.3,7.6,8.5,9.3,5.2,5,8.2,6.4,1.2,2.2,0.9,2.7,1.4,176,2547,745,2052,25.1,12.5,3666,53188,52105,2052,1029,15.9,3.1,5.9,0,188000,158,55,234,110,11,289,97
1400000US53033030700,53033030700,"Census Tract 307, King County, Washington",8.7,4.3,8.4,5.7,4.3,9.1,5.6,6.5,5.1,1.1,1.4,2,3,31,1532,485,1453,28.5,10.5,2523,41492,48676,1453,739,24.2,8.9,4.7,0,22200,123,46,66,62,43,232,55
1400000US53033030801,53033030801,"Census Tract 308.01, King County, Washington",7.5,9.4,5.2,9.1,5.3,1.5,6.9,3.4,3.7,2.7,1,0,1.1,246,2762,685,2336,43.5,5.8,4063,34351,31108,2336,950,16.2,3.3,0,0,185400,492,134,134,33,47,318,121
1400000US53033030802,53033030802,"Census Tract 308.02, King County, Washington",5.3,6.7,9.8,7.8,7.4,5,3.8,5.9,5,2.4,1.3,1.4,1.8,126,1675,313,1350,27.3,9.4,2377,52317,57543,1350,640,14.5,5.5,0,0,187100,80,89,208,88,24,252,106
1400000US53033030901,53033030901,"Census Tract 309.01, King County, Washington",5.7,7.8,8.5,5.9,7,9.1,9.8,3.8,2,0.9,1.5,0.6,0.2,94,1705,241,1195,15.5,8.5,1954,60893,62000,1195,238,41.6,4.6,8.8,0,195800,33,55,0,0,0,286,154
1400000US53033030902,53033030902,"Census Tract 309.02, King County, Washington",9.8,9.5,3.6,6.8,5.9,8.5,7.8,4.8,3,0.8,0.3,1.7,0.7,183,2581,643,1983,20.9,13.4,3177,54315,58952,1983,973,7.6,6.4,5.9,0,300100,180,183,131,35,117,218,177
1400000US53033031000,53033031000,"Census Tract 310, King County, Washington",6.1,5.7,4.3,8.3,7.6,9.8,8.9,5.7,4.7,3.9,0.9,0.6,0.3,131,1902,326,1408,26,44.8,2243,104500,113523,1408,211,13.3,0,22.3,4.3,192200,7,30,48,34,29,325,122
1400000US53033031100,53033031100,"Census Tract 311, King County, Washington",5.3,6.1,6.1,6.6,6.7,7.8,8.5,6.8,4.1,4.2,4.2,2,1.7,250,3116,1071,2581,16,15.3,4559,51058,70109,2581,1175,14.5,12.3,9.8,0,395000,237,132,330,105,54,329,119
1400000US53033031202,53033031202,"Census Tract 312.02, King County, Washington",4,4.9,6.5,4.9,12.4,7.4,8,6.8,4.1,3.8,1.3,2.5,1.7,24,2480,615,2221,0,25.8,4071,76932,77331,2221,639,2.2,0,8.6,0,358000,0,0,16,0,0,603,352
1400000US53033031204,53033031204,"Census Tract 312.04, King County, Washington",2.8,3.6,4.5,6.4,6.8,13.9,9.3,9.4,6.3,7.5,1.6,1.6,1.5,122,2820,509,2190,14.6,31.6,4482,89375,113958,2190,203,0,8.9,25.6,8.9,278800,16,0,0,0,0,565,477
1400000US53033031205,53033031205,"Census Tract 312.05, King County, Washington",8.5,9.6,4.1,7.4,5.8,7.2,5.7,6.7,2.4,2,0.8,1.8,0,329,2996,407,2191,26.6,27.1,3453,71083,77241,2191,669,13,12.3,6.9,0,216900,41,48,94,137,223,416,211
1400000US53033031206,53033031206,"Census Tract 312.06, King County, Washington",5.3,4.9,5.1,5.7,6.2,6.4,7.8,3.6,4,0.7,0.9,1.5,4.1,95,2295,666,1714,9.5,24.8,2531,65809,68750,1714,710,21,7.9,1.3,6.9,364700,44,60,269,57,158,291,152
1400000US53033031301,53033031301,"Census Tract 313.01, King County, Washington",6.5,3.6,2.6,6.9,6.1,10.9,7.5,6,6,6.7,2.6,1.5,0.9,6,1100,205,969,0,21,1685,74632,83362,969,214,18.2,2.8,2.3,10.3,247400,21,10,0,0,0,206,171
1400000US53033031302,53033031302,"Census Tract 313.02, King County, Washington",5.2,7.3,4.9,5.8,8.4,7.6,7.5,6.5,5.3,2.8,1.8,2.8,1.4,33,2032,605,1657,19.3,21.9,3213,48385,75500,1657,473,16.9,8.7,3.4,0,229300,188,28,10,43,18,320,90
1400000US53033031400,53033031400,"Census Tract 314, King County, Washington",5.9,8.3,5.2,5.9,8.3,11.4,5.7,4.2,4.4,3.3,1.3,0.6,3.1,45,3047,1026,2408,15.5,14.4,4100,55398,61371,2408,1062,28,7.8,3.7,0,354400,99,241,87,69,73,347,73
1400000US53033031501,53033031501,"Census Tract 315.01, King County, Washington",7.2,5.9,5.3,8.9,9.7,9.1,6.8,7.5,4.7,2,2.8,0.5,0.3,0,2159,387,1560,30.7,18.6,2587,83667,94716,1560,349,3.2,2.9,0,0,321200,11,0,0,0,0,533,335
1400000US53033031502,53033031502,"Census Tract 315.02, King County, Washington",2.6,6.6,3.8,4.9,6.5,15.3,7.9,7.2,5.6,5.3,2.9,1.7,2.8,17,1891,616,1740,10.8,23.9,2662,74306,97556,1740,356,3.9,0,3.4,0,343900,83,86,9,39,25,205,408
1400000US53033031601,53033031601,"Census Tract 316.01, King County, Washington",4.5,6.9,8.5,5.9,5.8,9.1,9.7,7.1,3.9,3.2,2,1.6,0.8,98,2952,421,2008,32.2,36.3,3129,99730,105486,2008,136,20.6,15.4,7.4,0,312100,0,8,0,0,0,499,347
1400000US53033031603,53033031603,"Census Tract 316.03, King County, Washington",5.8,7.7,9.5,9.6,5.9,8.7,5.6,4.6,1.5,2.5,1.2,1,0.9,35,2809,493,2077,18.8,32.5,3435,82067,108293,2077,346,7.2,3.2,15.9,0,300300,11,13,0,0,0,288,214
1400000US53033031604,53033031604,"Census Tract 316.04, King County, Washington",4.4,8.8,9.7,8.3,9.6,6.5,6.6,2.2,1.2,1.2,0.1,0.6,0.4,123,2765,290,1762,27.5,40.9,2662,102202,106296,1762,238,2.1,10.5,8,0,400000,0,26,0,7,0,472,144
1400000US53033031605,53033031605,"Census Tract 316.05, King County, Washington",3.2,4.7,4.2,7.6,8.5,13.7,10.4,4.3,3.8,4,1.6,1.1,0.6,44,1777,327,1348,5.8,25.8,2149,91071,102734,1348,130,0,14.6,0,0,286400,10,0,0,0,12,449,135
1400000US53033031703,53033031703,"Census Tract 317.03, King County, Washington",4.7,7.6,5.2,5.2,8.4,9.3,7.8,9.9,6.4,5.2,2.3,0.9,1.1,130,3582,712,2593,18.5,31.6,3890,84408,94898,2593,366,24.3,7.9,15.8,7.1,272700,17,68,0,13,90,608,122
1400000US53033031704,53033031704,"Census Tract 317.04, King County, Washington",6.8,7.4,8.1,9.9,6.2,7.4,7.2,5.4,3.5,0.8,1,0.6,1.6,203,2769,402,1707,26.1,23.9,2953,82277,91362,1707,501,14.2,10,5.6,2.4,303200,47,46,92,60,53,386,188
1400000US53033031705,53033031705,"Census Tract 317.05, King County, Washington",10,7.2,5.1,9.6,4.2,7.8,8.5,7.5,5,1.8,1.2,0.4,0.3,81,2344,147,1268,26.3,30.4,2250,107311,115398,1268,212,12.3,0,40.6,0,302000,0,0,0,0,0,325,207
1400000US53033031706,53033031706,"Census Tract 317.06, King County, Washington",7.3,7.9,6.8,7.9,9,7.4,4.4,4.4,4.4,1.7,2,1.3,1,141,3000,738,2356,5.2,27.3,3683,74239,85962,2356,792,17.9,9,8.7,4.4,333900,17,0,227,68,173,391,211
1400000US53033031800,53033031800,"Census Tract 318, King County, Washington",6.9,7.2,3.9,6.4,7.6,10.2,10.6,6.9,6,4.2,3,1.4,1.9,46,2521,375,1746,16.6,36.7,3127,106875,114185,1746,174,8.6,0,0,5.2,330600,9,0,0,0,0,474,319
1400000US53033031903,53033031903,"Census Tract 319.03, King County, Washington",3.9,4.5,8.9,4.9,8,7.2,9.7,4.7,7.1,2.8,3.6,2.1,0.4,145,3137,465,2385,24,36.1,4234,87014,101842,2385,280,4.6,4.6,16.1,6.8,374100,0,0,0,0,0,549,312
1400000US53033031904,53033031904,"Census Tract 319.04, King County, Washington",1.3,7.7,6,7.8,6.3,9.7,9.1,9.2,6.8,2.9,1.9,0.7,0.8,116,1758,292,1329,13.9,35.9,2105,84088,90994,1329,138,0,13,0,0,406900,0,0,0,0,0,416,117
1400000US53033031906,53033031906,"Census Tract 319.06, King County, Washington",1.6,4,8.9,9.9,7.2,11.9,8,6.7,2.8,4.5,3.9,0.8,0.4,58,1838,313,1397,25.1,47.4,2472,107299,110481,1397,94,7.4,0,0,0,335100,0,0,6,0,0,365,136
1400000US53033031907,53033031907,"Census Tract 319.07, King County, Washington",6.6,5.3,9,9.9,9,6.9,4.8,6.4,4,4.1,2.3,1.7,0.5,160,4270,635,2787,35.6,52.3,5032,99038,102463,2787,443,21.9,3.2,4.5,6.5,286500,44,157,42,44,77,608,262
1400000US53033031908,53033031908,"Census Tract 319.08, King County, Washington",12,5.9,9.5,5.7,8.4,5.9,6.4,5.1,3.9,2.8,2,1.2,1.7,127,2465,823,1914,18.1,33.3,2696,61827,78482,1914,1085,10.5,12.2,7.9,0.7,346600,187,311,579,72,149,286,35
1400000US53033031909,53033031909,"Census Tract 319.09, King County, Washington",6.4,6.5,3.9,8.1,7.3,10.5,6.7,10.4,6.4,2.3,0.7,0.2,2.4,128,1694,276,1172,17.3,47.9,2243,108265,114595,1172,284,20.1,9.2,5.6,4.2,447400,5,42,96,14,85,271,96
1400000US53033032002,53033032002,"Census Tract 320.02, King County, Washington",4.8,5.5,5.7,6.9,12.1,7.7,10.3,7.7,4.4,5.4,1.3,1.4,0.7,16,1457,310,1229,28.1,29.4,2184,91063,99063,1229,230,0,11.7,7,8.7,402800,0,0,0,0,0,360,231
1400000US53033032003,53033032003,"Census Tract 320.03, King County, Washington",2.3,4,5.1,5.1,7.5,12,12.7,6.6,5.9,3.9,1.4,2.4,1.5,45,2360,535,1942,25.6,32.3,3225,83750,97038,1942,110,0,0,0,12.7,230700,0,0,0,0,0,600,368
1400000US53033032005,53033032005,"Census Tract 320.05, King County, Washington",7.4,6.8,8.3,6.4,9.1,7.6,9.8,3.6,2.6,1.5,0.7,0.7,0,123,3767,543,2315,30.2,23.3,3878,87350,87529,2315,378,22.8,3.2,0,3.2,303600,0,0,0,0,0,707,202
1400000US53033032006,53033032006,"Census Tract 320.06, King County, Washington",7.3,4.5,6.4,6.4,7.5,10.4,11.6,4.7,5.7,4,3.3,2.1,0.9,52,2463,569,1867,18.8,31.5,2938,85323,100000,1867,347,14.7,6.3,6.1,5.5,333000,0,0,0,0,0,510,185
1400000US53033032007,53033032007,"Census Tract 320.07, King County, Washington",3.6,5,4.7,8.9,7.2,11.1,13.7,4.7,3,3.4,1.4,1.3,1.9,56,1882,332,1355,21.5,35.4,2027,90703,105536,1355,174,27,5.2,4.6,0,250500,18,54,0,0,18,329,188
1400000US53033032008,53033032008,"Census Tract 320.08, King County, Washington",5.4,5.8,9,7.1,12.5,5.6,7.1,6.3,4,3.4,0.9,0.4,0.2,46,2030,256,1460,18.6,29.3,2486,88375,94940,1460,157,0,5.7,45.2,0,305000,26,28,0,0,0,392,172
1400000US53033032010,53033032010,"Census Tract 320.10, King County, Washington",1.6,7.4,7.8,11.3,7.4,5.4,5.7,5.9,5.3,1.8,1.9,0.9,2.6,131,2402,585,2049,20.1,41.1,3153,96857,106408,2049,408,18.6,5.9,0,0,298300,0,42,56,0,147,403,148
1400000US53033032011,53033032011,"Census Tract 320.11, King County, Washington",3.8,4.7,8.9,10.5,12.7,8.3,3.9,3.6,2.3,0.7,1.3,0.3,0.4,49,2172,322,1407,8.5,34.7,2231,106957,109788,1407,247,3.6,0,4,9.7,482800,0,0,8,0,0,244,112
1400000US53033032102,53033032102,"Census Tract 321.02, King County, Washington",2.3,3.8,6.2,6.6,11.1,7.7,12.2,8.7,5.9,4,2.7,1.1,1,153,2610,418,1833,16.1,51.4,3225,98750,114010,1833,175,17.7,9.1,40.6,0,439500,9,0,9,0,0,409,274
1400000US53033032103,53033032103,"Census Tract 321.03, King County, Washington",10,8.8,5.8,7,8.8,9.5,7.6,6.2,6.3,1.7,0.9,0.6,1.8,268,2439,977,2032,43.1,43,3025,64474,86797,2032,1081,9.6,9.3,7.6,0,433900,195,311,287,142,86,252,108
1400000US53033032104,53033032104,"Census Tract 321.04, King County, Washington",5.9,6.5,6.6,6.1,13,7.7,7.5,6,3.4,2.1,4.1,1.9,1.8,163,3119,912,2476,22.2,49.8,4441,82456,116125,2476,871,11,9.1,5.9,0,580800,17,178,438,204,187,276,148
1400000US53033032203,53033032203,"Census Tract 322.03, King County, Washington",3.1,7,8.6,9.9,11.5,9.5,4.5,5.9,3.3,2.3,0.6,0.1,0.6,216,3506,318,2599,26.6,67.6,4139,125636,143097,2599,241,8.3,5,4.1,19.9,632800,0,64,29,0,29,412,350
1400000US53033032207,53033032207,"Census Tract 322.07, King County, Washington",2.1,4.3,7.1,8.7,7.7,10,7.8,6,5,1.6,2.2,1,2.2,48,1647,181,1151,18.5,66.1,2219,142470,154861,1151,75,9.3,0,16,33.3,414000,0,24,25,0,10,265,123
1400000US53033032208,53033032208,"Census Tract 322.08, King County, Washington",5.4,7,8.8,4.8,9.5,7.5,5.1,3.9,4.7,3.6,4.3,3.9,7,274,3575,1955,4056,28.8,62.4,5652,77226,120472,4056,1663,11.5,8.7,10.8,2.6,502100,500,671,274,345,522,421,98
1400000US53033032210,53033032210,"Census Tract 322.10, King County, Washington",6.7,8.3,12.8,9.3,6.1,8.9,5.8,3.5,2,0.7,0.7,0.1,0.1,608,6227,781,4413,27.1,65.5,5482,116732,132500,4413,1278,2,1.6,12.1,0,509000,75,357,162,324,311,397,134
1400000US53033032211,53033032211,"Census Tract 322.11, King County, Washington",4.1,6.4,6.9,10.8,10.4,7.8,7.7,5.1,3.7,2.1,0.9,0.3,0.6,247,2572,350,1732,19.5,66.7,2981,117250,138971,1732,396,6.6,7.1,16.4,5.6,459700,27,101,117,0,27,295,43
1400000US53033032212,53033032212,"Census Tract 322.12, King County, Washington",5.8,9,9.9,8.3,6,8.6,6.3,5.2,3.8,1,0.2,0.3,1,296,4615,486,2921,30.8,70.8,5062,126146,140873,2921,602,3.8,8.3,20.9,8.1,641300,34,210,274,129,118,355,47
1400000US53033032213,53033032213,"Census Tract 322.13, King County, Washington",2.6,3.3,4.1,8.7,11.7,8.4,9.9,5,2.5,3.8,1,0,0.9,142,2251,211,1446,6,69.6,2599,143585,170208,1446,91,0,0,0,0,580100,19,130,0,10,0,327,94
1400000US53033032214,53033032214,"Census Tract 322.14, King County, Washington",1.7,4.8,10.8,12.3,10.4,6.7,5.8,3.6,1.2,1.6,0.9,0,0.4,161,2975,232,1988,23.7,73.1,3656,156481,159167,1988,248,0,0,0,0,726100,0,80,52,0,10,382,151
1400000US53033032215,53033032215,"Census Tract 322.15, King County, Washington",1.2,4.3,8.7,13.9,11.6,6.4,3.8,1.6,2.1,1.8,0,0.3,0,85,2083,30,1458,15.9,83.1,2343,190900,191700,1458,103,0,0,0,6.8,495400,0,0,0,0,0,324,81
1400000US53033032307,53033032307,"Census Tract 323.07, King County, Washington",2.7,4.7,7.9,6.3,9.5,8.1,8.6,8.1,6.4,2.8,0.6,1.3,0,160,3481,534,2329,19.2,51.3,3997,121402,133601,2329,243,0,26.7,7.8,24.7,436800,0,0,0,0,0,641,395
1400000US53033032309,53033032309,"Census Tract 323.09, King County, Washington",11.3,19.6,11.7,5.6,3.8,4.7,3.4,1.9,1.4,1.8,0.8,1.6,1.9,557,3662,1685,3101,57.6,77.2,3035,109469,133516,3101,2484,4,6.8,6.6,2.2,580900,111,265,290,501,1868,44,92
1400000US53033032311,53033032311,"Census Tract 323.11, King County, Washington",4.1,3.2,5.9,9,9.9,10.6,11.2,7.9,3.5,1.4,0.5,1,0.6,47,2993,274,2023,10.3,56.1,3854,149087,150852,2023,126,0,0,14.3,0,521700,0,0,0,0,0,586,341
1400000US53033032313,53033032313,"Census Tract 323.13, King County, Washington",12.9,15.7,12,6,5.5,5.6,1.9,4.7,2.7,2,0.5,0.2,0.7,109,3426,929,2437,39.7,60,4262,96573,106389,2437,1460,6.2,3.3,10.5,0,610100,140,295,563,106,281,211,99
1400000US53033032315,53033032315,"Census Tract 323.15, King County, Washington",1.9,2.7,7.1,12.3,8.9,12.1,9.2,8.1,4.4,2.9,1.6,0,0.2,166,2626,378,1950,16.2,57.1,3511,131992,140577,1950,252,0,14.7,4.8,4,626700,0,0,0,0,0,468,329
1400000US53033032316,53033032316,"Census Tract 323.16, King County, Washington",2.4,3.8,7,10.2,9.7,9.5,7,5.3,3.2,2,1,0.8,0.9,103,2634,262,1847,19.9,77.9,3271,164599,173917,1847,189,5.3,8.5,3.2,14.3,563300,0,0,0,0,0,380,178
1400000US53033032317,53033032317,"Census Tract 323.17, King County, Washington",4.4,5.8,7.8,7.6,8.8,8.4,9.5,5.2,3.6,2.2,0.7,1.5,1.1,83,2972,168,2143,26.4,71.5,3691,138854,144926,2143,363,4.4,3.9,10.5,0,549300,0,63,87,40,50,437,127
1400000US53033032318,53033032318,"Census Tract 323.18, King County, Washington",2.3,6.1,8,14.4,10.8,7.4,6.2,3.1,2.1,0.3,1.1,0.6,0.3,227,2986,275,1911,21.1,77.8,3196,153098,160000,1911,222,0,3.6,8.6,2.7,442700,31,23,0,24,32,337,60
1400000US53033032319,53033032319,"Census Tract 323.19, King County, Washington",12,4.9,4.5,8.3,6.1,4.7,9.1,7.5,2.8,2.8,1.8,2.2,4.5,152,2608,1308,2488,40.4,50.3,3164,68370,108835,2488,1563,16.4,8.9,5.6,1.2,600700,160,295,304,376,580,296,85
1400000US53033032320,53033032320,"Census Tract 323.20, King County, Washington",2.5,2.5,2.6,8.8,11.7,10.6,11.1,3.7,4.2,3.5,3.6,0.5,0.6,79,2237,213,1560,15.3,59.3,2488,149519,151161,1560,54,0,0,0,0,706600,0,0,0,0,0,577,212
1400000US53033032321,53033032321,"Census Tract 323.21, King County, Washington",2,6.1,10.1,10.9,9.4,6.8,6.8,5.6,4.8,2,0.8,1,0.6,43,2493,175,1713,23.1,75.4,2940,199542,204531,1713,110,0,6.4,0,7.3,607300,0,7,0,41,19,443,159
1400000US53033032322,53033032322,"Census Tract 323.22, King County, Washington",3.7,2.9,5.5,10,7.1,10.4,10.4,8.7,4.9,1.2,0.5,0,0.4,85,1787,131,1178,20.4,67.5,2196,147750,157344,1178,86,0,0,16.3,20.9,542100,0,0,0,0,0,304,151
1400000US53033032323,53033032323,"Census Tract 323.23, King County, Washington",5.7,8.6,11.3,5.8,6.3,4.7,7.7,5.1,4.8,1.3,1.6,4.1,3.5,99,2690,655,2224,46.6,70.9,3511,119773,142782,2224,689,7.1,7.4,6.4,5.2,406900,22,47,118,113,345,228,49
1400000US53033032324,53033032324,"Census Tract 323.24, King County, Washington",5.4,13.3,9.9,8,5.8,9,5.7,5.4,3.8,1.4,1.5,1.1,2.1,151,3024,951,2204,27.6,45,3436,86600,105559,2204,975,8.6,7.7,4.2,0,399700,157,138,298,235,86,363,91
1400000US53033032325,53033032325,"Census Tract 323.25, King County, Washington",10.4,10.8,11.5,5.8,4.7,7.9,7.1,5.7,2.3,1.6,0,0.1,1.3,288,2892,931,2286,42.6,64.4,3507,107727,115107,2286,1168,8.6,2.7,14.5,0,707900,469,328,295,141,152,156,20
1400000US53033032326,53033032326,"Census Tract 323.26, King County, Washington",4.2,1.7,5.3,6,12.1,8.9,8,7.1,4.3,2.2,1,1.1,3.8,127,2102,239,1433,3.8,63.8,2184,138917,150809,1433,193,9.3,3.6,7.3,8.3,592500,0,0,19,22,106,353,209
1400000US53033032327,53033032327,"Census Tract 323.27, King County, Washington",2.1,1.2,1.1,3.3,4.5,6,9,14.8,15.7,11,10.3,4.4,3.6,46,1359,469,1909,5.4,64.4,2824,101563,111635,1909,92,0,0,19.6,0,629600,0,0,0,0,9,245,127
1400000US53033032328,53033032328,"Census Tract 323.28, King County, Washington",4.7,7.7,4.6,8,5.8,10,5.6,9,6,1.2,1.8,0.8,1.2,43,1660,175,1137,30.8,61.4,2185,112917,115278,1137,111,18.9,0,21.6,0,489400,0,0,11,10,0,383,161
1400000US53033032329,53033032329,"Census Tract 323.29, King County, Washington",5.1,7.2,12.3,13.2,7.1,5.3,2.6,4.9,2.3,1.9,0.9,0.9,0.9,111,4319,606,2991,23.4,76.4,3903,136616,159514,2991,735,5.6,12.2,7.2,4.8,397700,29,88,62,176,424,368,162
1400000US53033032401,53033032401,"Census Tract 324.01, King County, Washington",2.3,7.4,8.2,8.8,9.4,5.2,6.4,8.5,4.9,1.4,1.3,1.4,0.4,72,2695,682,2090,13.2,41.2,3623,92500,111290,2090,400,0,4,0,0,379500,17,32,0,0,0,561,251
1400000US53033032402,53033032402,"Census Tract 324.02, King County, Washington",2,6.9,11.5,9.2,9.7,11.3,4.2,3,3,3.6,0.7,0.3,0,127,3485,569,2362,17.3,43.3,3623,106824,138161,2362,346,0,17.9,1.7,4.9,418300,16,0,62,0,12,726,204
1400000US53033032500,53033032500,"Census Tract 325, King County, Washington",3.9,5.9,5.7,7.5,8.7,11.3,11.5,6,4.1,3.1,1.8,1.4,0.3,65,2961,510,1991,10.4,43.3,3220,95309,112781,1991,403,16.1,20.3,1,0.7,436900,38,27,0,0,0,558,246
1400000US53033032601,53033032601,"Census Tract 326.01, King County, Washington",6.9,5.3,5.8,10.1,9.3,9.4,7.4,7.2,4.2,4.7,1.3,1.8,0.7,22,1316,289,1053,24.2,38.5,2013,84583,96600,1053,302,29.8,11.3,2.6,0,458700,0,0,0,0,0,255,88
1400000US53033032602,53033032602,"Census Tract 326.02, King County, Washington",3.9,8.9,9.6,10,10.1,6.2,4.5,4.1,2.1,1.5,0.5,0.7,0.4,298,6011,478,3987,39.8,60.9,5922,132072,134898,3987,567,6.3,2.6,5.3,10.4,336800,62,84,13,0,0,517,192
1400000US53033032702,53033032702,"Census Tract 327.02, King County, Washington",4.1,6.7,6.5,11.1,9.1,7.9,10.4,7.6,2.9,2.2,1.3,0.2,0,68,3789,634,2600,29.8,38.5,4256,100309,103726,2600,553,6,8,4.5,0,297700,50,46,19,134,16,627,284
1400000US53033032703,53033032703,"Census Tract 327.03, King County, Washington",8.1,7.2,7.6,10.2,8.6,8.4,4.9,6.2,3.4,1.6,1.4,0.2,0,32,1249,254,879,28.3,35.7,1211,77483,83715,879,347,11.8,17.9,2.3,9.2,366600,39,15,34,2,0,167,82
1400000US53033032704,53033032704,"Census Tract 327.04, King County, Washington",6,4.5,9.7,7.6,8.5,8.4,4,8.7,4.8,1.7,1.9,1.7,1.1,40,3197,640,2492,36.4,36.1,4050,70471,92432,2492,761,18,12.6,1.8,0,397600,119,183,93,128,41,363,274
